{
    "事件": 0.04122,
    "する": 0.03965,
    "ホームズ": 0.03525,
    "私": 0.03349,
    "人": 0.02557,
    "朝": 0.02489,
    "依頼": 0.02293,
    "お礼": 0.02238,
    "早い": 0.022,
    "僕": 0.02122,
    "わたくし": 0.02009,
    "こと": 0.019,
    "不思議だ": 0.01867,
    "シャー": 0.01835,
    "ロック": 0.01835,
    "ある": 0.01757,
    "なる": 0.01757,
    "友人": 0.01704,
    "ない": 0.01649,
    "目": 0.01512,
    "もの": 0.01506,
    "致す": 0.01499,
    "婦人": 0.01496,
    "今朝": 0.01496,
    "自由だ": 0.01492,
    "七": 0.01492,
    "ハドソン": 0.01492,
    "たたき起こす": 0.01492,
    "友": 0.01492,
    "いらっしゃる": 0.01492,
    "着く": 0.01492,
    "乗る": 0.01492,
    "泥": 0.01492,
    "かける": 0.01415,
    "よい": 0.01376,
    "言う": 0.0134,
    "ワトソン": 0.01278,
    "顔": 0.01278,
    "いう": 0.01272,
    "調査": 0.01245,
    "かかわる": 0.01245,
    "約束": 0.01245,
    "気の毒だ": 0.01245,
    "若い": 0.01245,
    "女性": 0.01245,
    "左": 0.01245,
    "二輪": 0.01245,
    "思い出す": 0.01245,
    "助ける": 0.01245,
    "ところ": 0.01209,
    "ひと": 0.01196,
    "つく": 0.01196,
    "考える": 0.01124,
    "声": 0.01124,
    "眠る": 0.011,
    "暖炉": 0.011,
    "居間": 0.011,
    "服": 0.011,
    "ふるえる": 0.011,
    "駅": 0.011,
    "できる": 0.01005,
    "の": 0.01004,
    "深い": 0.00997,
    "火": 0.00997,
    "ございます": 0.00997,
    "話": 0.00954,
    "金": 0.00917,
    "君": 0.00917,
    "わかる": 0.00917,
    "馬車": 0.00917,
    "いただく": 0.00917,
    "あと": 0.00852,
    "死": 0.00852,
    "込む": 0.00852,
    "ほど": 0.00852,
    "身": 0.00852,
    "くださる": 0.00852,
    "立つ": 0.00797,
    "同じだ": 0.00797,
    "あいだ": 0.00797,
    "覚え書き": 0.00746,
    "七〇": 0.00746,
    "通ずる": 0.00746,
    "手際": 0.00746,
    "喜劇": 0.00746,
    "大半": 0.00746,
    "変哲": 0.00746,
    "一蹴": 0.00746,
    "途方": 0.00746,
    "様々だ": 0.00746,
    "奇怪だ": 0.00746,
    "きわまる": 0.00746,
    "他": 0.00746,
    "有名だ": 0.00746,
    "くだん": 0.00746,
    "ベイカ": 0.00746,
    "街": 0.00746,
    "下宿": 0.00746,
    "共用": 0.00746,
    "公表": 0.00746,
    "口外": 0.00746,
    "先日": 0.00746,
    "白日": 0.00746,
    "さらす": 0.00746,
    "理由": 0.00746,
    "風聞": 0.00746,
    "真実だ": 0.00746,
    "しく": 0.00746,
    "ねじ曲げる": 0.00746,
    "八三": 0.00746,
    "初め": 0.00746,
    "身支度": 0.00746,
    "調える": 0.00746,
    "枕元": 0.00746,
    "普段": 0.00746,
    "置き": 0.00746,
    "一五": 0.00746,
    "ぱち": 0.00746,
    "くり": 0.00746,
    "機嫌": 0.00746,
    "具合": 0.00746,
    "やってくる": 0.00746,
    "僕は君": 0.00746,
    "火事": 0.00746,
    "年": 0.00746,
    "興奮": 0.00746,
    "面会": 0.00746,
    "都会": 0.00746,
    "ほる": 0.00746,
    "差し迫る": 0.00746,
    "本当だ": 0.00746,
    "逃す": 0.00746,
    "立ち会う": 0.00746,
    "楽しみ": 0.00746,
    "迅速だ": 0.00746,
    "当てずっぽうだ": 0.00746,
    "論拠": 0.00746,
    "のち": 0.00746,
    "厚い": 0.00746,
    "夫人": 0.00746,
    "窓際": 0.00746,
    "朗らかだ": 0.00746,
    "助手": 0.00746,
    "おっと": 0.00746,
    "熱い": 0.00746,
    "コーヒー": 0.00746,
    "こわい": 0.00746,
    "おそろしい": 0.00746,
    "あげる": 0.00746,
    "きる": 0.00746,
    "やつれる": 0.00746,
    "血の気": 0.00746,
    "およぐ": 0.00746,
    "狙う": 0.00746,
    "獲物": 0.00746,
    "顔つき": 0.00746,
    "体つき": 0.00746,
    "三十": 0.00746,
    "まじる": 0.00746,
    "憔悴": 0.00746,
    "見てとれる": 0.00746,
    "やさしい": 0.00746,
    "乗り出す": 0.00746,
    "解決": 0.00746,
    "手袋": 0.00746,
    "復路": 0.00746,
    "切符": 0.00746,
    "出立": 0.00746,
    "ぬかるむ": 0.00746,
    "ほほえむ": 0.00746,
    "上着": 0.00746,
    "左袖": 0.00746,
    "跳ね": 0.00746,
    "揚げる": 0.00746,
    "乗り物": 0.00746,
    "おっしゃる": 0.00746,
    "六": 0.00746,
    "二〇": 0.00746,
    "始発": 0.00746,
    "耐える": 0.00746,
    "おかしい": 0.00746,
    "頼れる": 0.00746,
    "心配": 0.00746,
    "ファリントッシュ": 0.00746,
    "うかがう": 0.00746,
    "住所": 0.00746,
    "取り巻く": 0.00746,
    "十分だ": 0.00746,
    "相応だ": 0.00746,
    "錠": 0.00746,
    "取り出す": 0.00746,
    "簿": 0.00746,
    "めくる": 0.00746,
    "ファリン": 0.00746,
    "トッシュ": 0.00746,
    "オパール": 0.00746,
    "髪飾": 0.00746,
    "知り合う": 0.00746,
    "断言": 0.00746,
    "最大だ": 0.00746,
    "限": 0.00746,
    "助力": 0.00746,
    "報酬": 0.00746,
    "支払う": 0.00746,
    "つける": 0.00707,
    "ため": 0.0067,
    "椅子": 0.0067,
    "今": 0.0067,
    "方": 0.00636,
    "八": 0.00622,
    "多く": 0.00622,
    "悲劇": 0.00622,
    "普通だ": 0.00622,
    "好きだ": 0.00622,
    "得る": 0.00622,
    "付き合う": 0.00622,
    "頃": 0.00622,
    "交わす": 0.00622,
    "迎える": 0.00622,
    "覚ます": 0.00622,
    "遅い": 0.00622,
    "時計": 0.00622,
    "何ごと": 0.00622,
    "向く": 0.00622,
    "起きる": 0.00622,
    "事情": 0.00622,
    "面白い": 0.00622,
    "決める": 0.00622,
    "驚く": 0.00622,
    "思える": 0.00622,
    "問題": 0.00622,
    "解き明かす": 0.00622,
    "挨拶": 0.00622,
    "同様だ": 0.00622,
    "利く": 0.00622,
    "いかがだ": 0.00622,
    "寒い": 0.00622,
    "動揺": 0.00622,
    "向ける": 0.00622,
    "差し上げる": 0.00622,
    "通る": 0.00622,
    "限る": 0.00622,
    "ウォータルー": 0.00622,
    "なれる": 0.00622,
    "金額": 0.00622,
    "任せる": 0.00622,
    "役立つ": 0.00622,
    "ロイロット": 0.00605,
    "見る": 0.00576,
    "博士": 0.00576,
    "変わる": 0.0055,
    "仕事": 0.0055,
    "受ける": 0.0055,
    "なか": 0.0055,
    "サリィ": 0.0055,
    "州": 0.0055,
    "住む": 0.0055,
    "始める": 0.0055,
    "間": 0.0055,
    "当時": 0.0055,
    "下": 0.0055,
    "広がる": 0.0055,
    "男": 0.0055,
    "悪い": 0.0055,
    "他人": 0.0055,
    "はじめ": 0.0055,
    "心": 0.0055,
    "推理": 0.0055,
    "大急ぎだ": 0.0055,
    "一緒だ": 0.0055,
    "黒い": 0.0055,
    "包む": 0.0055,
    "寄せる": 0.0055,
    "白い": 0.0055,
    "安心": 0.0055,
    "腕": 0.0055,
    "御者": 0.0055,
    "腰": 0.0055,
    "場合": 0.0055,
    "者": 0.0055,
    "教える": 0.0055,
    "闇": 0.0055,
    "机": 0.0055,
    "外す": 0.0055,
    "とき": 0.0055,
    "何": 0.00502,
    "知る": 0.00499,
    "四": 0.00499,
    "よる": 0.00499,
    "回る": 0.00499,
    "まえ": 0.00499,
    "歩く": 0.00499,
    "とる": 0.00499,
    "感じる": 0.00499,
    "結果": 0.00499,
    "汽車": 0.00499,
    "下ろす": 0.00499,
    "通り": 0.00499,
    "レザヘッド": 0.00499,
    "まいる": 0.00499,
    "力": 0.00499,
    "自分": 0.00499,
    "願い": 0.00499,
    "起こる": 0.00459,
    "結構だ": 0.00459,
    "まま": 0.00459,
    "置く": 0.00459,
    "道": 0.00459,
    "見つめる": 0.00459,
    "説明": 0.00459,
    "家": 0.00459,
    "誰": 0.00459,
    "ふた": 0.00459,
    "結婚": 0.00459,
    "戸": 0.00426,
    "来る": 0.00426,
    "待つ": 0.00426,
    "上がる": 0.00426,
    "気": 0.00426,
    "言葉": 0.00426,
    "おる": 0.00426,
    "光": 0.00426,
    "行く": 0.00426,
    "ストーク": 0.00399,
    "モラン": 0.00399,
    "しれる": 0.00399,
    "グリムズビ": 0.00399,
    "持つ": 0.00399,
    "低い": 0.00399,
    "申す": 0.00399,
    "前": 0.00399,
    "あなた": 0.00399,
    "音": 0.00375,
    "頭": 0.00375,
    "見える": 0.00375,
    "我々": 0.00354,
    "三": 0.00354,
    "上": 0.00335,
    "入る": 0.00335,
    "二": 0.00318,
    "出る": 0.00318,
    "手": 0.00302,
    "思う": 0.00302,
    "中": 0.00275,
    "一": 0.0022
}