{
    "吹く": 0.11242,
    "口笛": 0.0677,
    "当夜": 0.06739,
    "吸う": 0.06739,
    "臭い": 0.06739,
    "婚礼": 0.06739,
    "立ち止まる": 0.06739,
    "振り返る": 0.06739,
    "当たり前だ": 0.06739,
    "庭": 0.05621,
    "下がる": 0.05621,
    "休む": 0.05621,
    "煙草": 0.05621,
    "悩む": 0.05621,
    "自室": 0.05621,
    "迫る": 0.05621,
    "十一": 0.05621,
    "戸口": 0.05621,
    "ただいま": 0.05356,
    "きつい": 0.04503,
    "真夜": 0.04503,
    "芝地": 0.04143,
    "許す": 0.03571,
    "暮らし": 0.03571,
    "婚約": 0.03571,
    "一族": 0.03541,
    "聞く": 0.03385,
    "私": 0.03349,
    "先": 0.03025,
    "動物": 0.02979,
    "窓": 0.02871,
    "朝": 0.02489,
    "西": 0.0236,
    "開業": 0.0236,
    "内地": 0.0236,
    "代々": 0.0236,
    "生活": 0.0236,
    "血筋": 0.0236,
    "お礼": 0.02238,
    "僕": 0.02122,
    "戻る": 0.02022,
    "義理": 0.01969,
    "不思議だ": 0.01867,
    "先週": 0.01785,
    "鍛冶": 0.01785,
    "橋": 0.01785,
    "欄干": 0.01785,
    "川": 0.01785,
    "突き落とす": 0.01785,
    "訴える": 0.01785,
    "かき集める": 0.01785,
    "勘弁": 0.01785,
    "友だち": 0.01785,
    "漂泊": 0.01785,
    "一団": 0.01785,
    "茨": 0.01785,
    "茂る": 0.01785,
    "野宿": 0.01785,
    "交換": 0.01785,
    "条件": 0.01785,
    "寝泊まり": 0.01785,
    "同行": 0.01785,
    "処々": 0.01785,
    "方々": 0.01785,
    "産": 0.01785,
    "買い入れる": 0.01785,
    "放し飼い": 0.01785,
    "かわいそうだ": 0.01785,
    "楽しい": 0.01785,
    "召使い": 0.01785,
    "看る": 0.01785,
    "享年": 0.01785,
    "三〇": 0.01785,
    "白髪": 0.01785,
    "亡くなり": 0.01785,
    "想像": 0.01785,
    "世代": 0.01785,
    "付き合い": 0.01785,
    "難しい": 0.01785,
    "妹": 0.01785,
    "当たる": 0.01785,
    "ホノーリア": 0.01785,
    "ウェスト": 0.01785,
    "ファイル": 0.01785,
    "訪ねる": 0.01785,
    "クリスマス": 0.01785,
    "休職": 0.01785,
    "海軍": 0.01785,
    "少佐": 0.01785,
    "運び": 0.01785,
    "文句": 0.01785,
    "日取り": 0.01785,
    "たつ": 0.01785,
    "押しつける": 0.01785,
    "細目": 0.01785,
    "願": 0.01785,
    "わく": 0.01785,
    "記憶": 0.01785,
    "焼き付く": 0.01785,
    "申しあげる": 0.01785,
    "中程": 0.01785,
    "次": 0.01785,
    "行き来": 0.01785,
    "友人": 0.01704,
    "いたす": 0.01577,
    "婦人": 0.01496,
    "今朝": 0.01496,
    "自由だ": 0.01492,
    "七": 0.01492,
    "ハドソン": 0.01492,
    "たたき起こす": 0.01492,
    "友": 0.01492,
    "いらっしゃる": 0.01492,
    "着く": 0.01492,
    "乗る": 0.01492,
    "泥": 0.01492,
    "屋": 0.01489,
    "怖い": 0.01489,
    "髪": 0.01489,
    "存じる": 0.01489,
    "叔母": 0.01489,
    "出会う": 0.01489,
    "式": 0.01489,
    "失う": 0.01489,
    "閉じる": 0.01489,
    "詳しい": 0.01489,
    "隅々": 0.01489,
    "入り口": 0.01489,
    "並ぶ": 0.01489,
    "かける": 0.01415,
    "時": 0.01316,
    "原因": 0.01316,
    "ハロウ": 0.01316,
    "背": 0.01316,
    "棟": 0.01316,
    "ワトソン": 0.01278,
    "顔": 0.01278,
    "調査": 0.01245,
    "約束": 0.01245,
    "気の毒だ": 0.01245,
    "女性": 0.01245,
    "左": 0.01245,
    "二輪": 0.01245,
    "思い出す": 0.01245,
    "助ける": 0.01245,
    "豹": 0.01193,
    "ヒヒ": 0.01193,
    "開ける": 0.01193,
    "よろしい": 0.01193,
    "些細だ": 0.0118,
    "つまらない": 0.0118,
    "頼り": 0.0118,
    "神経質だ": 0.0118,
    "たわ言": 0.0118,
    "くらい": 0.0118,
    "なだめる": 0.0118,
    "そらす": 0.0118,
    "潜む": 0.0118,
    "悪意": 0.0118,
    "見抜く": 0.0118,
    "近づく": 0.0118,
    "傾聴": 0.0118,
    "イングランド": 0.0118,
    "サクソン": 0.0118,
    "家系": 0.0118,
    "末裔": 0.0118,
    "果てる": 0.0118,
    "裕福だ": 0.0118,
    "北": 0.0118,
    "バークシア": 0.0118,
    "ハンプシア": 0.0118,
    "一八": 0.0118,
    "わたる": 0.0118,
    "当主": 0.0118,
    "放埒": 0.0118,
    "財産": 0.0118,
    "使い果たす": 0.0118,
    "摂政": 0.0118,
    "時代": 0.0118,
    "賭博": 0.0118,
    "崩す": 0.0118,
    "築": 0.0118,
    "二〇〇": 0.0118,
    "抵当": 0.0118,
    "始末": 0.0118,
    "先代": 0.0118,
    "無為だ": 0.0118,
    "人生": 0.0118,
    "清貧": 0.0118,
    "甘んずる": 0.0118,
    "息子": 0.0118,
    "抜け出る": 0.0118,
    "親類": 0.0118,
    "学資": 0.0118,
    "立て替える": 0.0118,
    "学位": 0.0118,
    "カルカッタ": 0.0118,
    "技術": 0.0118,
    "持ち前": 0.0118,
    "性格": 0.0118,
    "医院": 0.0118,
    "窃盗": 0.0118,
    "立て続け": 0.0118,
    "かんしゃく": 0.0118,
    "雇う": 0.0118,
    "執事": 0.0118,
    "殴り殺す": 0.0118,
    "死刑": 0.0118,
    "免れる": 0.0118,
    "禁固": 0.0118,
    "刑": 0.0118,
    "苦しめる": 0.0118,
    "せい": 0.0118,
    "すれる": 0.0118,
    "気むずかしい": 0.0118,
    "ベンガル": 0.0118,
    "砲兵": 0.0118,
    "隊": 0.0118,
    "少将": 0.0118,
    "未亡人": 0.0118,
    "再婚": 0.0118,
    "赤ん坊": 0.0118,
    "金持ち": 0.0118,
    "一〇〇〇": 0.0118,
    "収入": 0.0118,
    "譲る": 0.0118,
    "継父": 0.0118,
    "毎年": 0.0118,
    "決まる": 0.0118,
    "分ける": 0.0118,
    "クルー": 0.0118,
    "鉄道": 0.0118,
    "遭う": 0.0118,
    "亡き後": 0.0118,
    "よす": 0.0118,
    "遺産": 0.0118,
    "ゆえ": 0.0118,
    "不自由": 0.0118,
    "よそ": 0.0118,
    "にわかだ": 0.0118,
    "様子": 0.0118,
    "極端だ": 0.0118,
    "嫌う": 0.0118,
    "喜ぶ": 0.0118,
    "閉じこもる": 0.0118,
    "たまだ": 0.0118,
    "外出": 0.0118,
    "会う": 0.0118,
    "喧嘩": 0.0118,
    "荒い": 0.0118,
    "熱帯": 0.0118,
    "重なる": 0.0118,
    "沙汰": 0.0118,
    "おびえる": 0.0118,
    "しまい": 0.0118,
    "あわてる": 0.0118,
    "声": 0.01124,
    "いる": 0.01119,
    "暖炉": 0.011,
    "服": 0.011,
    "ふるえる": 0.011,
    "駅": 0.011,
    "ロマ": 0.01098,
    "廊下": 0.01098,
    "ストーナ": 0.0106,
    "深い": 0.00997,
    "火": 0.00997,
    "女": 0.00984,
    "避ける": 0.00984,
    "うなずく": 0.00984,
    "名": 0.00984,
    "送る": 0.00984,
    "取る": 0.00984,
    "起こす": 0.00984,
    "その後": 0.00984,
    "双子": 0.00984,
    "遺言": 0.00984,
    "暮らす": 0.00984,
    "決まり": 0.00984,
    "事故": 0.00984,
    "連れる": 0.00984,
    "ご覧": 0.00984,
    "かまう": 0.00984,
    "人々": 0.00984,
    "逃げる": 0.00984,
    "使う": 0.00954,
    "君": 0.00917,
    "馬車": 0.00917,
    "危険だ": 0.0087,
    "医者": 0.0087,
    "ロンドン": 0.0087,
    "警察": 0.0087,
    "姿": 0.0087,
    "怒る": 0.0087,
    "あと": 0.00852,
    "込む": 0.00852,
    "くださる": 0.00852,
    "人間": 0.00789,
    "父親": 0.00789,
    "相手": 0.00789,
    "覚え書き": 0.00746,
    "七〇": 0.00746,
    "通ずる": 0.00746,
    "手際": 0.00746,
    "喜劇": 0.00746,
    "大半": 0.00746,
    "変哲": 0.00746,
    "一蹴": 0.00746,
    "途方": 0.00746,
    "様々だ": 0.00746,
    "奇怪だ": 0.00746,
    "きわまる": 0.00746,
    "他": 0.00746,
    "有名だ": 0.00746,
    "くだん": 0.00746,
    "ベイカ": 0.00746,
    "街": 0.00746,
    "下宿": 0.00746,
    "共用": 0.00746,
    "公表": 0.00746,
    "口外": 0.00746,
    "先日": 0.00746,
    "白日": 0.00746,
    "さらす": 0.00746,
    "理由": 0.00746,
    "風聞": 0.00746,
    "真実だ": 0.00746,
    "しく": 0.00746,
    "ねじ曲げる": 0.00746,
    "八三": 0.00746,
    "初め": 0.00746,
    "身支度": 0.00746,
    "調える": 0.00746,
    "枕元": 0.00746,
    "普段": 0.00746,
    "置き": 0.00746,
    "一五": 0.00746,
    "ぱち": 0.00746,
    "くり": 0.00746,
    "機嫌": 0.00746,
    "具合": 0.00746,
    "やってくる": 0.00746,
    "僕は君": 0.00746,
    "火事": 0.00746,
    "年": 0.00746,
    "興奮": 0.00746,
    "面会": 0.00746,
    "都会": 0.00746,
    "ほる": 0.00746,
    "差し迫る": 0.00746,
    "本当だ": 0.00746,
    "逃す": 0.00746,
    "立ち会う": 0.00746,
    "楽しみ": 0.00746,
    "迅速だ": 0.00746,
    "当てずっぽうだ": 0.00746,
    "論拠": 0.00746,
    "のち": 0.00746,
    "厚い": 0.00746,
    "夫人": 0.00746,
    "窓際": 0.00746,
    "朗らかだ": 0.00746,
    "助手": 0.00746,
    "おっと": 0.00746,
    "熱い": 0.00746,
    "コーヒー": 0.00746,
    "こわい": 0.00746,
    "おそろしい": 0.00746,
    "あげる": 0.00746,
    "きる": 0.00746,
    "やつれる": 0.00746,
    "血の気": 0.00746,
    "およぐ": 0.00746,
    "狙う": 0.00746,
    "獲物": 0.00746,
    "顔つき": 0.00746,
    "体つき": 0.00746,
    "三十": 0.00746,
    "まじる": 0.00746,
    "憔悴": 0.00746,
    "見てとれる": 0.00746,
    "やさしい": 0.00746,
    "乗り出す": 0.00746,
    "解決": 0.00746,
    "手袋": 0.00746,
    "復路": 0.00746,
    "切符": 0.00746,
    "出立": 0.00746,
    "ぬかるむ": 0.00746,
    "ほほえむ": 0.00746,
    "上着": 0.00746,
    "左袖": 0.00746,
    "跳ね": 0.00746,
    "揚げる": 0.00746,
    "乗り物": 0.00746,
    "おっしゃる": 0.00746,
    "六": 0.00746,
    "二〇": 0.00746,
    "始発": 0.00746,
    "耐える": 0.00746,
    "おかしい": 0.00746,
    "頼れる": 0.00746,
    "心配": 0.00746,
    "ファリントッシュ": 0.00746,
    "うかがう": 0.00746,
    "住所": 0.00746,
    "取り巻く": 0.00746,
    "十分だ": 0.00746,
    "相応だ": 0.00746,
    "錠": 0.00746,
    "取り出す": 0.00746,
    "簿": 0.00746,
    "めくる": 0.00746,
    "ファリン": 0.00746,
    "トッシュ": 0.00746,