{
    "確かだ": 0.07395,
    "この頃": 0.07204,
    "浅い": 0.07204,
    "覚める": 0.07204,
    "仕業": 0.07204,
    "あたし": 0.07204,
    "姉さん": 0.07204,
    "安眠": 0.07204,
    "くだらない": 0.07204,
    "つづく": 0.07204,
    "マッチ": 0.06819,
    "当夜": 0.06739,
    "吸う": 0.06739,
    "臭い": 0.06739,
    "婚礼": 0.06739,
    "立ち止まる": 0.06739,
    "振り返る": 0.06739,
    "当たり前だ": 0.06739,
    "眠り": 0.06008,
    "違う": 0.06008,
    "笑う": 0.06008,
    "庭": 0.05621,
    "下がる": 0.05621,
    "休む": 0.05621,
    "煙草": 0.05621,
    "悩む": 0.05621,
    "迫る": 0.05621,
    "十一": 0.05621,
    "検視": 0.0545,
    "太い": 0.0545,
    "ただいま": 0.05356,
    "あたり": 0.05309,
    "耳": 0.05309,
    "閉める": 0.04813,
    "きつい": 0.04503,
    "挟む": 0.03697,
    "聞き": 0.03697,
    "係官": 0.03697,
    "訊ね": 0.03697,
    "軋む": 0.03697,
    "違える": 0.03697,
    "寝間着": 0.03697,
    "右手": 0.03697,
    "察知": 0.03697,
    "辺り": 0.03697,
    "取り調べ": 0.03697,
    "日頃": 0.03697,
    "行い": 0.03697,
    "あまりだ": 0.03697,
    "じまい": 0.03697,
    "証言": 0.03697,
    "旧式だ": 0.03697,
    "はめる": 0.03697,
    "閉ざす": 0.03697,
    "四方": 0.03697,
    "堅い": 0.03697,
    "釘": 0.03697,
    "通す": 0.03697,
    "傷痕": 0.03697,
    "見つかる": 0.03697,
    "扉": 0.0369,
    "許す": 0.03571,
    "暮らし": 0.03571,
    "婚約": 0.03571,
    "一族": 0.03541,
    "私": 0.03349,
    "属音": 0.03084,
    "間違い": 0.03084,
    "燃え": 0.03084,
    "左手": 0.03084,
    "箱": 0.03084,
    "結論": 0.03084,
    "死因": 0.03084,
    "内側": 0.03084,
    "内部": 0.03084,
    "眠れる": 0.0307,
    "駆ける": 0.0307,
    "動物": 0.02979,
    "官": 0.02725,
    "かかる": 0.02725,
    "鉄": 0.02725,
    "棒": 0.02725,
    "煙突": 0.02725,
    "横": 0.02725,
    "息": 0.02713,
    "朝": 0.02489,
    "擦る": 0.02471,
    "なさる": 0.02471,
    "西": 0.0236,
    "開業": 0.0236,
    "内地": 0.0236,
    "代々": 0.0236,
    "生活": 0.0236,
    "血筋": 0.0236,
    "お礼": 0.02238,
    "僕": 0.02122,
    "鎧戸": 0.02112,
    "床": 0.02112,
    "ひも": 0.02102,
    "義理": 0.01969,
    "不思議だ": 0.01867,
    "壁": 0.01857,
    "調べる": 0.01857,
    "飼う": 0.01841,
    "胸騒ぎ": 0.01841,
    "ご存じ": 0.01841,
    "魂": 0.01841,
    "お互い": 0.01841,
    "ものすごい": 0.01841,
    "敏感だ": 0.01841,
    "晩": 0.01841,
    "うなり": 0.01841,
    "雨": 0.01841,
    "絹": 0.01841,
    "裂く": 0.01841,
    "抜け": 0.01841,
    "掛": 0.01841,
    "巻き付く": 0.01841,
    "一声": 0.01841,
    "金物": 0.01841,
    "堕ちる": 0.01841,
    "浴びる": 0.01841,
    "すがる": 0.01841,
    "手つき": 0.01841,
    "千鳥足": 0.01841,
    "両腕": 0.01841,
    "抱く": 0.01841,
    "とめる": 0.01841,
    "足": 0.01841,
    "倒れる": 0.01841,
    "痛む": 0.01841,
    "もだえ": 0.01841,
    "手足": 0.01841,
    "震わせる": 0.01841,
    "中腰": 0.01841,
    "絞り出す": 0.01841,
    "突き刺す": 0.01841,
    "指す": 0.01841,
    "全身": 0.01841,
    "ひく": 0.01841,
    "つけ": 0.01841,
    "物": 0.01841,
    "引っかける": 0.01841,
    "ブランデイ": 0.01841,
    "つぎ込む": 0.01841,
    "施し": 0.01841,
    "意識": 0.01841,
    "愛する": 0.01841,
    "先週": 0.01785,
    "鍛冶": 0.01785,
    "橋": 0.01785,
    "欄干": 0.01785,
    "川": 0.01785,
    "突き落とす": 0.01785,
    "訴える": 0.01785,
    "かき集める": 0.01785,
    "勘弁": 0.01785,
    "友だち": 0.01785,
    "漂泊": 0.01785,
    "一団": 0.01785,
    "茨": 0.01785,
    "茂る": 0.01785,
    "野宿": 0.01785,
    "交換": 0.01785,
    "条件": 0.01785,
    "寝泊まり": 0.01785,
    "同行": 0.01785,
    "処々": 0.01785,
    "方々": 0.01785,
    "産": 0.01785,
    "買い入れる": 0.01785,
    "放し飼い": 0.01785,
    "かわいそうだ": 0.01785,
    "楽しい": 0.01785,
    "召使い": 0.01785,
    "看る": 0.01785,
    "享年": 0.01785,
    "三〇": 0.01785,
    "白髪": 0.01785,
    "亡くなり": 0.01785,
    "想像": 0.01785,
    "世代": 0.01785,
    "付き合い": 0.01785,
    "難しい": 0.01785,
    "妹": 0.01785,
    "当たる": 0.01785,
    "ホノーリア": 0.01785,
    "ウェスト": 0.01785,
    "ファイル": 0.01785,
    "訪ねる": 0.01785,
    "クリスマス": 0.01785,
    "休職": 0.01785,
    "海軍": 0.01785,
    "少佐": 0.01785,
    "運び": 0.01785,
    "文句": 0.01785,
    "日取り": 0.01785,
    "たつ": 0.01785,
    "押しつける": 0.01785,
    "細目": 0.01785,
    "願": 0.01785,
    "わく": 0.01785,
    "記憶": 0.01785,
    "焼き付く": 0.01785,
    "申しあげる": 0.01785,
    "中程": 0.01785,
    "次": 0.01785,
    "行き来": 0.01785,
    "友人": 0.01704,
    "飛び出す": 0.01535,
    "現れる": 0.01535,
    "真っ青だ": 0.01535,
    "駆け寄る": 0.01535,
    "場": 0.01535,
    "忘れる": 0.01535,
    "上げる": 0.01535,
    "引き取る": 0.01535,
    "婦人": 0.01496,
    "今朝": 0.01496,
    "自由だ": 0.01492,
    "七": 0.01492,
    "ハドソン": 0.01492,
    "たたき起こす": 0.01492,
    "友": 0.01492,
    "いらっしゃる": 0.01492,
    "着く": 0.01492,
    "乗る": 0.01492,
    "泥": 0.01492,
    "屋": 0.01489,
    "髪": 0.01489,
    "存じる": 0.01489,
    "叔母": 0.01489,
    "式": 0.01489,
    "閉じる": 0.01489,
    "隅々": 0.01489,
    "入り口": 0.01489,
    "並ぶ": 0.01489,
    "答える": 0.01357,
    "鳴る": 0.01357,
    "とおり": 0.01357,
    "続く": 0.01357,
    "重い": 0.01357,
    "呑む": 0.01357,
    "進む": 0.01357,
    "抜ける": 0.01357,
    "まだらだ": 0.01357,
    "指": 0.01357,
    "医師": 0.01357,
    "原因": 0.01316,
    "ハロウ": 0.01316,
    "背": 0.01316,
    "棟": 0.01316,
    "ワトソン": 0.01278,
    "調査": 0.01245,
    "約束": 0.01245,
    "気の毒だ": 0.01245,
    "女性": 0.01245,
    "左": 0.01245,
    "二輪": 0.01245,
    "思い出す": 0.01245,
    "結ぶ": 0.0123,
    "肩": 0.0123,
    "高い": 0.0123,
    "言える": 0.0123,
    "呼ぶ": 0.0123,
    "最期": 0.0123,
    "よろしい": 0.01193,
    "些細だ": 0.0118,
    "つまらない": 0.0118,
    "頼り": 0.0118,
    "神経質だ": 0.0118,
    "たわ言": 0.0118,
    "くらい": 0.0118,
    "なだめる": 0.0118,
    "そらす": 0.0118,
    "潜む": 0.0118,
    "悪意": 0.0118,
    "見抜く": 0.0118,
    "近づく": 0.0118,
    "傾聴": 0.0118,
    "イングランド": 0.0118,
    "サクソン": 0.0118,
    "家系": 0.0118,
    "末裔": 0.0118,
    "果てる": 0.0118,
    "裕福だ": 0.0118,
    "北": 0.0118,
    "バークシア": 0.0118,
    "ハンプシア": 0.0118,
    "一八": 0.0118,
    "わたる": 0.0118,
    "当主": 0.0118,
    "放埒": 0.0118,
    "財産": 0.0118,
    "使い果たす": 0.0118,
    "摂政": 0.0118,
    "時代": 0.0118,
    "賭博": 0.0118,
    "崩す": 0.0118,
    "築": 0.0118,
    "二〇〇": 0.0118,
    "抵当": 0.0118,
    "始末": 0.0118,
    "先代": 0.0118,
    "無為だ": 0.0118,
    "人生": 0.0118,
    "清貧": 0.0118,
    "甘んずる": 0.0118,
    "息子": 0.0118,
    "抜け出る": 0.0118,
    "親類": 0.0118,
    "学資": 0.0118,
    "立て替える": 0.0118,
    "学位": 0.0118,
    "カルカッタ": 0.0118,
    "技術": 0.0118,
    "持ち前": 0.0118,
    "性格": 0.0118,
    "医院": 0.0118,
    "窃盗": 0.0118,
    "立て続け": 0.0118,
    "かんしゃく": 0.0118,
    "雇う": 0.0118,
    "執事": 0.0118,
    "殴り殺す": 0.0118,
    "死刑": 0.0118,
    "免れる": 0.0118,
    "禁固": 0.0118,
    "刑": 0.0118,
    "苦しめる": 0.0118,
    "せい": 0.0118,
    "すれる": 0.0118,
    "気むずかしい": 0.0118,
    "ベンガル": 0.0118,
    "砲兵": 0.0118,
    "隊": 0.0118,
    "少将": 0.0118,
    "未亡人": 0.0118,
    "再婚": 0.0118,
    "赤ん坊": 0.0118,
    "金持ち": 0.0118,
    "一〇〇〇": 0.0118,
    "収入": 0.0118,
    "譲る": 0.0118,
    "継父": 0.0118,
    "毎年": 0.0118,
    "決まる": 0.0118,
    "分ける": 0.0118,
    "クルー": 0.0118,
    "鉄道": 0.0118,
    "遭う": 0.0118,
    "亡き後": 0.0118,
    "よす": 0.0118,
    "遺産": 0.0118,
    "ゆえ": 0.0118,
    "不自由": 0.0118,
    "よそ": 0.0118,
    "にわかだ": 0.0118,
    "様子": 0.0118,
    "極端だ": 0.0118,
    "嫌う": 0.0118,
    "喜ぶ": 0.0118,
    "閉じこもる": 0.0118,
    "たまだ": 0.0118,
    "外出": 0.0118,
    "会う": 0.0118,
    "喧嘩": 0.0118,
    "荒い": 0.0118,
    "熱帯": 0.0118,
    "重なる": 0.0118,
    "沙汰": 0.0118,
    "おびえる": 0.0118,
    "しまい": 0.0118,
    "あわてる": 0.0118,
    "外": 0.01132,
    "暖炉": 0.011,
    "ふるえる": 0.011,
    "駅": 0.011,
    "ストーナ": 0.0106,
    "風": 0.01051,
    "開く": 0.01051,
    "ランプ": 0.01051,
    "深い": 0.00997,
    "火": 0.00997,
    "避ける": 0.00984,
    "うなずく": 0.00984,
    "送る": 0.00984,
    "取る": 0.00984,
    "起こす": 0.00984,
    "その後": 0.00984,
    "遺言": 0.00984,
    "暮らす": 0.00984,
    "決まり": 0.00984,
    "事故": 0.00984,
    "連れる": 0.00984,
    "かまう": 0.00984,
    "人々": 0.00984,
    "逃げる": 0.00984,
    "使う": 0.00954,
    "君": 0.00917,
    "馬車": 0.00917,
    "危険だ": 0.0087,
    "医者": 0.0087,
    "ロンドン": 0.0087,
    "警察": 0.0087,
    "姿": 0.0087,
    "怒る": 0.0087,
    "あと": 0.00852,
    "込む": 0.00852,
    "人間": 0.00789,
    "父親": 0.00789,
    "相手": 0.00789,
    "覚え書き": 0.00746,
    "七〇": 0.00746,
    "通ずる": 0.00746,
    "手際": 0.00746,