{
    "あなた": 0.07070138357035487,
    "する": 0.061401644176454995,
    "僕": 0.04481514147085353,
    "部屋": 0.042596757484353424,
    "ストーナ": 0.042431419397147056,
    "嬢": 0.04180237386895705,
    "ホームズ": 0.039073773566835,
    "明かす": 0.03781044190360132,
    "鞭": 0.03486808938344586,
    "普通だ": 0.0315376167401629,
    "輪": 0.027868249245971366,
    "言う": 0.025458851638288232,
    "考え": 0.025264791576724482,
    "いたす": 0.025264791576724482,
    "父親": 0.025264791576724482,
    "いただく": 0.023245392922297246,
    "芝地": 0.023245392922297246,
    "開く": 0.02159542408253295,
    "使う": 0.020200395305815678,
    "の": 0.019078711874771462,
    "なる": 0.019078711874771462,
    "ある": 0.019078711874771462,
    "頭": 0.018991966413286064,
    "夜": 0.018991966413286064,
    "見える": 0.018991966413286064,
    "音": 0.018991966413286064,
    "感謝": 0.01890522095180066,
    "しまう": 0.01890522095180066,
    "面": 0.01890522095180066,
    "妖": 0.01890522095180066,
    "な": 0.01890522095180066,
    "とらえる": 0.01890522095180066,
    "犬": 0.01890522095180066,
    "丸い": 0.01890522095180066,
    "世": 0.01890522095180066,
    "末": 0.01890522095180066,
    "知恵": 0.01890522095180066,
    "末恐ろしい": 0.01890522095180066,
    "しかめる": 0.01890522095180066,
    "眉": 0.01890522095180066,
    "根": 0.01890522095180066,
    "現場": 0.01890522095180066,
    "連れだつ": 0.01890522095180066,
    "何度": 0.01890522095180066,
    "事態": 0.01890522095180066,
    "切迫": 0.01890522095180066,
    "守る": 0.01890522095180066,
    "保証": 0.01890522095180066,
    "委ねる": 0.01890522095180066,
    "驚き": 0.01890522095180066,
    "痛い": 0.01890522095180066,
    "掛け金": 0.01890522095180066,
    "一晩": 0.01890522095180066,
    "我慢": 0.01890522095180066,
    "一夜": 0.01890522095180066,
    "正体": 0.01890522095180066,
    "突き止める": 0.01890522095180066,
    "確固たる": 0.01890522095180066,
    "合う": 0.01890522095180066,
    "あまり": 0.01890522095180066,
    "かける": 0.017926056588341416,
    "先": 0.016972567758858824,
    "私": 0.016972567758858824,
    "わたくし": 0.016972567758858824,
    "窓": 0.016110032195018782,
    "懐": 0.01576880837008145,
    "角": 0.01576880837008145,
    "悪事": 0.01576880837008145,
    "見せる": 0.01576880837008145,
    "離れる": 0.01576880837008145,
    "邪魔": 0.01576880837008145,
    "命": 0.01576880837008145,
    "下がる": 0.01576880837008145,
    "引き取る": 0.01576880837008145,
    "合図": 0.01576880837008145,
    "いただける": 0.01576880837008145,
    "大丈夫だ": 0.01576880837008145,
    "任せる": 0.01576880837008145,
    "悩む": 0.01576880837008145,
    "袖": 0.01576880837008145,
    "死因": 0.01576880837008145,
    "申し上げる": 0.01576880837008145,
    "証拠": 0.01576880837008145,
    "目": 0.01532259891909453,
    "手": 0.01532259891909453,
    "拡大": 0.013934124622985683,
    "鏡": 0.013934124622985683,
    "寄せる": 0.013934124622985683,
    "とおり": 0.013934124622985683,
    "宿屋": 0.013934124622985683,
    "クラウン": 0.013934124622985683,
    "外す": 0.013934124622985683,
    "必要だ": 0.013934124622985683,
    "見当": 0.013934124622985683,
    "付く": 0.013934124622985683,
    "服": 0.013934124622985683,
    "つかむ": 0.013934124622985683,
    "姉": 0.013927570142377258,
    "結ぶ": 0.012632395788362241,
    "人間": 0.012632395788362241,
    "よろしい": 0.012632395788362241,
    "きつい": 0.012632395788362241,
    "うち": 0.012632395788362241,
    "終わる": 0.012632395788362241,
    "自分": 0.012632395788362241,
    "元": 0.012632395788362241,
    "なさる": 0.012632395788362241,
    "願い": 0.012632395788362241,
    "見つめる": 0.011622696461148623,
    "説明": 0.011622696461148623,
    "結構だ": 0.011622696461148623,
    "静かだ": 0.011622696461148623,
    "恐怖": 0.011622696461148623,
    "上がる": 0.010797712041266476,
    "ワトソン": 0.010797712041266476,
    "友人": 0.010797712041266476,
    "ほど": 0.010797712041266476,
    "顔": 0.010797712041266476,
    "行く": 0.010797712041266476,
    "待つ": 0.010797712041266476,
    "身": 0.010797712041266476,
    "村": 0.010797712041266476,
    "鎧戸": 0.010797712041266476,
    "ランプ": 0.010797712041266476,
    "あと": 0.010797712041266476,
    "くださる": 0.010797712041266476,
    "立つ": 0.010100197652907839,
    "申す": 0.010100197652907839,
    "帰る": 0.010100197652907839,
    "聞こえる": 0.010100197652907839,
    "出す": 0.010100197652907839,
    "亡くなる": 0.010100197652907839,
    "事件": 0.009495983206643032,
    "壁": 0.009495983206643032,
    "穴": 0.009495983206643032,
    "寝台": 0.008963028294170708,
    "三": 0.008963028294170708,
    "ため": 0.008486283879429412,
    "今": 0.008486283879429412,
    "できる": 0.008486283879429412,
    "方": 0.008055016097509391,
    "出る": 0.008055016097509391,
    "話": 0.008055016097509391,
    "二": 0.008055016097509391,
    "思う": 0.007661299459547265,
    "ない": 0.006963785071188629,
    "とき": 0.006963785071188629,
    "もの": 0.006359570624923821,
    "何": 0.006359570624923821,
    "一": 0.005581967652405001,
    "こと": 0.005349871297710203
}