{
    "蛇": 0.1074223793609245,
    "毒蛇": 0.08104434069274419,
    "鞭": 0.05973525390497315,
    "ひも": 0.055495217700462576,
    "中": 0.053685924444163494,
    "頭": 0.04880493694577,
    "あやか": 0.048582021283115645,
    "毛": 0.048582021283115645,
    "菱形": 0.048582021283115645,
    "忌まわしい": 0.048582021283115645,
    "鎌首": 0.048582021283115645,
    "もたげる": 0.048582021283115645,
    "沼蛇": 0.048582021283115645,
    "十": 0.048582021283115645,
    "暴力": 0.048582021283115645,
    "我が身": 0.048582021283115645,
    "返る": 0.048582021283115645,
    "必然": 0.048582021283115645,
    "策士": 0.048582021283115645,
    "仕掛ける": 0.048582021283115645,
    "はまる": 0.048582021283115645,
    "巣": 0.048582021283115645,
    "安全だ": 0.048582021283115645,
    "場所": 0.048582021283115645,
    "地元": 0.048582021283115645,
    "報告": 0.048582021283115645,
    "死人": 0.048582021283115645,
    "素早い": 0.048582021283115645,
    "凶行": 0.048582021283115645,
    "引き離す": 0.048582021283115645,
    "運ぶ": 0.048582021283115645,
    "投げ入れる": 0.048582021283115645,
    "こめる": 0.048582021283115645,
    "ホームズ": 0.04303307620400599,
    "ささやく": 0.040522170346372094,
    "巻く": 0.040522170346372094,
    "髪": 0.040522170346372094,
    "毒": 0.040522170346372094,
    "噛む": 0.040522170346372094,
    "追う": 0.040522170346372094,
    "移す": 0.040522170346372094,
    "次第": 0.040522170346372094,
    "場": 0.040522170346372094,
    "いっぱいだ": 0.040522170346372094,
    "伸ばす": 0.040522170346372094,
    "鉄製": 0.040522170346372094,
    "閉じる": 0.040522170346372094,
    "博士": 0.03751405750898625,
    "まだらだ": 0.03580745978697483,
    "始める": 0.03580745978697483,
    "太い": 0.03580745978697483,
    "張る": 0.03580745978697483,
    "死ぬ": 0.03580745978697483,
    "警察": 0.03580745978697483,
    "事": 0.03580745978697483,
    "膝": 0.03580745978697483,
    "輪": 0.03580745978697483,
    "首": 0.03580745978697483,
    "腕": 0.03580745978697483,
    "動く": 0.03246231940962854,
    "終わる": 0.03246231940962854,
    "とる": 0.03246231940962854,
    "インド": 0.029867626952486574,
    "金庫": 0.029867626952486574,
    "込む": 0.027747608850231288,
    "持つ": 0.02595515908479805,
    "声": 0.024402468472885,
    "穴": 0.024402468472885,
    "かける": 0.023032898290834027,
    "私": 0.021807776015743022,
    "ストーナ": 0.021807776015743022,
    "言う": 0.021807776015743022,
    "先": 0.021807776015743022,
    "出る": 0.020699518111041572,
    "一": 0.014344358734668662
}