{
    "ホームズ": 0.0671770463514681,
    "私": 0.055706992198630685,
    "匂い": 0.0413668696074054,
    "悲鳴": 0.0413668696074054,
    "消える": 0.03450402623552476,
    "静けさ": 0.03450402623552476,
    "聞こえる": 0.03315064873206879,
    "続く": 0.03048952021465184,
    "耳": 0.03048952021465184,
    "打つ": 0.03048952021465184,
    "きつい": 0.027641182863644108,
    "擦る": 0.027641182863644108,
    "マッチ": 0.02543184077142421,
    "通風": 0.023626676842771196,
    "光": 0.023626676842771196,
    "顔": 0.023626676842771196,
    "の": 0.020873244179824224,
    "聞く": 0.020778339491763467,
    "見える": 0.020778339491763467,
    "声": 0.020778339491763467,
    "油": 0.0206834348037027,
    "熱する": 0.0206834348037027,
    "手提げ": 0.0206834348037027,
    "気配": 0.0206834348037027,
    "静まる": 0.0206834348037027,
    "半": 0.0206834348037027,
    "澄ませる": 0.0206834348037027,
    "唐突だ": 0.0206834348037027,
    "柔らかだ": 0.0206834348037027,
    "穏やかだ": 0.0206834348037027,
    "薬缶": 0.0206834348037027,
    "湯気": 0.0206834348037027,
    "噴き出す": 0.0206834348037027,
    "刹那": 0.0206834348037027,
    "飛び上がる": 0.0206834348037027,
    "一閃": 0.0206834348037027,
    "澄む": 0.0206834348037027,
    "突然だ": 0.0206834348037027,
    "まぶしい": 0.0206834348037027,
    "据える": 0.0206834348037027,
    "見定める": 0.0206834348037027,
    "青ざめる": 0.0206834348037027,
    "嫌悪": 0.0206834348037027,
    "ゆがむ": 0.0206834348037027,
    "やめる": 0.0206834348037027,
    "見上げる": 0.0206834348037027,
    "破る": 0.0206834348037027,
    "この世": 0.0206834348037027,
    "苦しみ": 0.0206834348037027,
    "恐れ": 0.0206834348037027,
    "入り交じる": 0.0206834348037027,
    "断末魔": 0.0206834348037027,
    "叫び": 0.0206834348037027,
    "通り越す": 0.0206834348037027,
    "牧師": 0.0206834348037027,
    "肝": 0.0206834348037027,
    "冷やす": 0.0206834348037027,
    "立ちすくむ": 0.0206834348037027,
    "知らせ": 0.0206834348037027,
    "結末": 0.0206834348037027,
    "最善だ": 0.0206834348037027,
    "面持ち": 0.0206834348037027,
    "取っ手": 0.0206834348037027,
    "引き金": 0.0206834348037027,
    "部屋": 0.01997287850928311,
    "つける": 0.01961217082189828,
    "入る": 0.01856899739954356,
    "口": 0.01762533225296609,
    "方": 0.01762533225296609,
    "燃える": 0.01725201311776238,
    "金属": 0.01725201311776238,
    "別だ": 0.01725201311776238,
    "物音": 0.01725201311776238,
    "かすかだ": 0.01725201311776238,
    "食らう": 0.01725201311776238,
    "叫ぶ": 0.01725201311776238,
    "瞬間": 0.01725201311776238,
    "なれる": 0.01725201311776238,
    "しゃがむ": 0.01725201311776238,
    "怒り": 0.01725201311776238,
    "遠く": 0.01725201311776238,
    "館": 0.01725201311776238,
    "人々": 0.01725201311776238,
    "眠り": 0.01725201311776238,
    "覚ます": 0.01725201311776238,
    "拳銃": 0.01725201311776238,
    "深刻だ": 0.01725201311776238,
    "返事": 0.01725201311776238,
    "思う": 0.016763833470890548,
    "見る": 0.015971331414716922,
    "漏れる": 0.01524476010732592,
    "時間": 0.01524476010732592,
    "杖": 0.01524476010732592,
    "闇": 0.01524476010732592,
    "なか": 0.01524476010732592,
    "あたり": 0.01524476010732592,
    "息": 0.01524476010732592,
    "呑む": 0.01524476010732592,
    "答える": 0.01524476010732592,
    "進む": 0.01524476010732592,
    "指": 0.01524476010732592,
    "中": 0.015237589116165217,
    "何": 0.013915496119882817,
    "火": 0.013820591431822054,
    "動く": 0.013820591431822054,
    "残る": 0.013820591431822054,
    "引き綱": 0.013820591431822054,
    "大きい": 0.013820591431822054,
    "元": 0.013820591431822054,
    "終わる": 0.013820591431822054,
    "まえ": 0.013820591431822054,
    "扉": 0.013820591431822054,
    "誰": 0.012715920385712105,
    "隣": 0.012715920385712105,
    "静かだ": 0.012715920385712105,
    "ひどい": 0.012715920385712105,
    "恐怖": 0.012715920385712105,
    "見つめる": 0.012715920385712105,
    "廊下": 0.012715920385712105,
    "叩く": 0.012715920385712105,
    "回す": 0.012715920385712105,
    "後": 0.012715920385712105,
    "する": 0.012214008427539655,
    "人": 0.011813338421385598,
    "あと": 0.011813338421385598,
    "ワトソン": 0.011813338421385598,
    "村": 0.011813338421385598,
    "戻る": 0.011813338421385598,
    "行く": 0.011813338421385598,
    "ランプ": 0.011813338421385598,
    "あいだ": 0.011050216244022932,
    "低い": 0.011050216244022932,
    "しれる": 0.011050216244022932,
    "持つ": 0.011050216244022932,
    "立つ": 0.011050216244022932,
    "音": 0.010389169745881733,
    "口笛": 0.010389169745881733,
    "夜": 0.010389169745881733,
    "寝台": 0.00980608541094914,
    "我々": 0.00980608541094914,
    "かける": 0.00980608541094914,
    "できる": 0.00928449869977178,
    "今": 0.00928449869977178,
    "先": 0.00928449869977178,
    "話": 0.008812666126483045,
    "いう": 0.008812666126483045,
    "二": 0.008812666126483045,
    "手": 0.008381916735445274,
    "目": 0.008381916735445274,
    "ロイロット": 0.008381916735445274,
    "博士": 0.007985665707358461,
    "とき": 0.007618794558082609,
    "ない": 0.007618794558082609,
    "もの": 0.006957748059941408,
    "なる": 0.006957748059941408,
    "こと": 0.0058530770138314585
}