{
    "明かり": 0.05497439250457822,
    "闇": 0.05064870956710256,
    "私": 0.049354440456681574,
    "座る": 0.04123079437843367,
    "する": 0.03652149230471561,
    "中": 0.030374930935513557,
    "ホームズ": 0.028405605125889917,
    "消す": 0.02748719625228911,
    "十五": 0.02748719625228911,
    "君": 0.025348183400465577,
    "ない": 0.025312442446261296,
    "長い": 0.023548957511051554,
    "窓": 0.023423138915125985,
    "木立": 0.02292701743281579,
    "合図": 0.02292701743281579,
    "通る": 0.02292701743281579,
    "忘れる": 0.02292701743281579,
    "うなずく": 0.02292701743281579,
    "漏れる": 0.020259483826841024,
    "包む": 0.020259483826841024,
    "打つ": 0.020259483826841024,
    "息": 0.020259483826841024,
    "そば": 0.020259483826841024,
    "眠る": 0.020259483826841024,
    "とき": 0.020249953957009036,
    "我々": 0.019547657102089402,
    "豹": 0.018366838613342467,
    "静かだ": 0.01689878893364372,
    "芝地": 0.01689878893364372,
    "一": 0.01623177435765138,
    "込む": 0.0156993050073677,
    "友人": 0.0156993050073677,
    "鎧戸": 0.0156993050073677,
    "ランプ": 0.0156993050073677,
    "待つ": 0.0156993050073677,
    "こと": 0.015556862589394139,
    "しれる": 0.014685155797977844,
    "音": 0.013806659793869145,
    "声": 0.013806659793869145,
    "九": 0.013743598126144556,
    "正面": 0.013743598126144556,
    "出かけ": 0.013743598126144556,
    "宿": 0.013743598126144556,
    "主人": 0.013743598126144556,
    "知人": 0.013743598126144556,
    "訪問": 0.013743598126144556,
    "泊まる": 0.013743598126144556,
    "冷たい": 0.013743598126144556,
    "頬": 0.013743598126144556,
    "なでる": 0.013743598126144556,
    "前方": 0.013743598126144556,
    "灯": 0.013743598126144556,
    "不気味だ": 0.013743598126144556,
    "塀": 0.013743598126144556,
    "かいくぐる": 0.013743598126144556,
    "月桂樹": 0.013743598126144556,
    "茂み": 0.013743598126144556,
    "おぞましい": 0.013743598126144556,
    "草": 0.013743598126144556,
    "転がる": 0.013743598126144556,
    "握りしめる": 0.013743598126144556,
    "笑い": 0.013743598126144556,
    "はじめる": 0.013743598126144556,
    "耳打ち": 0.013743598126144556,
    "家族": 0.013743598126144556,
    "かわいがる": 0.013743598126144556,
    "そいつ": 0.013743598126144556,
    "真似": 0.013743598126144556,
    "靴": 0.013743598126144556,
    "脱ぐ": 0.013743598126144556,
    "見渡す": 0.013743598126144556,
    "変わり": 0.013743598126144556,
    "忍び寄る": 0.013743598126144556,
    "トランペット": 0.013743598126144556,
    "こしらえる": 0.013743598126144556,
    "計画": 0.013743598126144556,
    "さとる": 0.013743598126144556,
    "おそれ": 0.013743598126144556,
    "なし": 0.013743598126144556,
    "関わる": 0.013743598126144556,
    "使える": 0.013743598126144556,
    "へり": 0.013743598126144556,
    "立てかける": 0.013743598126144556,
    "蝋燭": 0.013743598126144556,
    "並べる": 0.013743598126144556,
    "過ごす": 0.013743598126144556,
    "終生": 0.013743598126144556,
    "殺す": 0.013743598126144556,
    "つめる": 0.013743598126144556,
    "わずかだ": 0.013743598126144556,
    "遮る": 0.013743598126144556,
    "啼く": 0.013743598126144556,
    "目の前": 0.013743598126144556,
    "似る": 0.013743598126144556,
    "引きつる": 0.013743598126144556,
    "鳴き声": 0.013743598126144556,
    "放つ": 0.013743598126144556,
    "はるかだ": 0.013743598126144556,
    "教会": 0.013743598126144556,
    "鐘": 0.013743598126144556,
    "おごそかだ": 0.013743598126144556,
    "響く": 0.013743598126144556,
    "続ける": 0.013743598126144556,
    "寝台": 0.013031771401392936,
    "入る": 0.012338610114170393,
    "二": 0.011711569457562993,
    "出る": 0.011711569457562993,
    "消える": 0.011463508716407896,
    "時計": 0.011463508716407896,
    "十一": 0.011463508716407896,
    "右": 0.011463508716407896,
    "灯す": 0.011463508716407896,
    "真ん中": 0.011463508716407896,
    "交わす": 0.011463508716407896,
    "告げる": 0.011463508716407896,
    "暗い": 0.011463508716407896,
    "使命": 0.011463508716407896,
    "導く": 0.011463508716407896,
    "庭": 0.011463508716407896,
    "崩れる": 0.011463508716407896,
    "敷地": 0.011463508716407896,
    "入れる": 0.011463508716407896,
    "木々": 0.011463508716407896,
    "怪物": 0.011463508716407896,
    "飛び出す": 0.011463508716407896,
    "駆ける": 0.011463508716407896,
    "動揺": 0.011463508716407896,
    "忍ぶ": 0.011463508716407896,
    "つぶやく": 0.011463508716407896,
    "ペット": 0.011463508716407896,
    "瞬間": 0.011463508716407896,
    "かみつく": 0.011463508716407896,
    "立てる": 0.011463508716407896,
    "よう": 0.011463508716407896,
    "卓上": 0.011463508716407896,
    "移す": 0.011463508716407896,
    "昼間": 0.011463508716407896,
    "両手": 0.011463508716407896,
    "ささやく": 0.011463508716407896,
    "かすかだ": 0.011463508716407896,
    "物音": 0.011463508716407896,
    "台無しだ": 0.011463508716407896,
    "命": 0.011463508716407896,
    "拳銃": 0.011463508716407896,
    "準備": 0.011463508716407896,
    "リヴォルヴァ": 0.011463508716407896,
    "細い": 0.011463508716407896,
    "箱": 0.011463508716407896,
    "燃え": 0.011463508716407896,
    "見開く": 0.011463508716407896,
    "猫": 0.011463508716407896,
    "遠く": 0.011463508716407896,
    "空": 0.011463508716407896,
    "十二": 0.011463508716407896,
    "見る": 0.01061252942688427,
    "方向": 0.010129741913420512,
    "向こう": 0.010129741913420512,
    "黄色い": 0.010129741913420512,
    "抜ける": 0.010129741913420512,
    "呑む": 0.010129741913420512,
    "奇妙だ": 0.010129741913420512,
    "耳": 0.010129741913420512,
    "机": 0.010129741913420512,
    "隅": 0.010129741913420512,
    "杖": 0.010129741913420512,
    "張る": 0.010129741913420512,
    "相違": 0.010129741913420512,
    "の": 0.009246480974395817,
    "よる": 0.009183419306671234,
    "ヒヒ": 0.009183419306671234,
    "肩": 0.009183419306671234,
    "閉める": 0.009183419306671234,
    "小さい": 0.009183419306671234,
    "道": 0.00844939446682186,
    "後": 0.00844939446682186,
    "結構だ": 0.00844939446682186,
    "置く": 0.00844939446682186,
    "マッチ": 0.00844939446682186,
    "数": 0.00844939446682186,
    "外": 0.00844939446682186,
    "起こる": 0.00844939446682186,
    "上がる": 0.00784965250368385,
    "言葉": 0.00784965250368385,
    "風": 0.00784965250368385,
    "ほど": 0.00784965250368385,
    "通風": 0.00784965250368385,
    "気": 0.00784965250368385,
    "光": 0.00784965250368385,
    "強い": 0.00784965250368385,
    "ストーク": 0.007342577898988922,
    "モラン": 0.007342577898988922,
    "立つ": 0.007342577898988922,
    "あいだ": 0.007342577898988922,
    "聞こえる": 0.007342577898988922,
    "出す": 0.007342577898988922,
    "持つ": 0.007342577898988922,
    "同じだ": 0.007342577898988922,
    "低い": 0.007342577898988922,
    "寝室": 0.006903329896934572,
    "夜": 0.006903329896934572,
    "いる": 0.006515885700696468,
    "分かる": 0.006515885700696468,
    "僕": 0.006515885700696468,
    "三": 0.006515885700696468,
    "上": 0.006169305057085197,
    "今": 0.006169305057085197,
    "椅子": 0.006169305057085197,
    "先": 0.006169305057085197,
    "方": 0.005855784728781496,
    "口": 0.005855784728781496,
    "手": 0.005569563093947188,
    "目": 0.005569563093947188,
    "ところ": 0.005569563093947188,
    "博士": 0.005306264713442135,
    "もの": 0.004623240487197909,
    "何": 0.004623240487197909,
    "部屋": 0.004423817389117532
}