{
    "わたくし": 0.06357521143572542,
    "母": 0.05906621440318645,
    "父": 0.03783294375072258,
    "一族": 0.03540723585040632,
    "なる": 0.03176192334707716,
    "こと": 0.030059022630354783,
    "ロイロット": 0.028697409839999074,
    "人": 0.026963778091750178,
    "する": 0.024393514006413944,
    "ございます": 0.023658978552780128,
    "西": 0.023604823900270876,
    "開業": 0.023604823900270876,
    "内地": 0.023604823900270876,
    "代々": 0.023604823900270876,
    "生活": 0.023604823900270876,
    "血筋": 0.023604823900270876,
    "戻る": 0.020222833568812635,
    "ある": 0.019851202091923224,
    "義理": 0.01968873813439548,
    "地所": 0.01968873813439548,
    "頃": 0.01968873813439548,
    "村人": 0.01968873813439548,
    "ストーク": 0.01891647187536129,
    "モラン": 0.01891647187536129,
    "一緒だ": 0.017397974811750483,
    "住む": 0.017397974811750483,
    "いたす": 0.015772652368520084,
    "恐ろしい": 0.014511954338496301,
    "わかる": 0.014511954338496301,
    "屋敷": 0.014511954338496301,
    "インド": 0.014511954338496301,
    "家": 0.014511954338496301,
    "結婚": 0.014511954338496301,
    "金": 0.014511954338496301,
    "博士": 0.013670376888867873,
    "気": 0.013481889045875089,
    "長い": 0.013481889045875089,
    "致す": 0.01185656660264469,
    "事件": 0.01185656660264469,
    "些細だ": 0.011802411950135438,
    "つまらない": 0.011802411950135438,
    "頼り": 0.011802411950135438,
    "神経質だ": 0.011802411950135438,
    "たわ言": 0.011802411950135438,
    "くらい": 0.011802411950135438,
    "なだめる": 0.011802411950135438,
    "そらす": 0.011802411950135438,
    "潜む": 0.011802411950135438,
    "悪意": 0.011802411950135438,
    "見抜く": 0.011802411950135438,
    "近づく": 0.011802411950135438,
    "傾聴": 0.011802411950135438,
    "イングランド": 0.011802411950135438,
    "サクソン": 0.011802411950135438,
    "家系": 0.011802411950135438,
    "末裔": 0.011802411950135438,
    "果てる": 0.011802411950135438,
    "裕福だ": 0.011802411950135438,
    "北": 0.011802411950135438,
    "バークシア": 0.011802411950135438,
    "ハンプシア": 0.011802411950135438,
    "一八": 0.011802411950135438,
    "わたる": 0.011802411950135438,
    "当主": 0.011802411950135438,
    "放埒": 0.011802411950135438,
    "財産": 0.011802411950135438,
    "使い果たす": 0.011802411950135438,
    "摂政": 0.011802411950135438,
    "時代": 0.011802411950135438,
    "賭博": 0.011802411950135438,
    "崩す": 0.011802411950135438,
    "築": 0.011802411950135438,
    "二〇〇": 0.011802411950135438,
    "抵当": 0.011802411950135438,
    "始末": 0.011802411950135438,
    "先代": 0.011802411950135438,
    "無為だ": 0.011802411950135438,
    "人生": 0.011802411950135438,
    "清貧": 0.011802411950135438,
    "甘んずる": 0.011802411950135438,
    "息子": 0.011802411950135438,
    "抜け出る": 0.011802411950135438,
    "親類": 0.011802411950135438,
    "学資": 0.011802411950135438,
    "立て替える": 0.011802411950135438,
    "学位": 0.011802411950135438,
    "カルカッタ": 0.011802411950135438,
    "技術": 0.011802411950135438,
    "持ち前": 0.011802411950135438,
    "性格": 0.011802411950135438,
    "医院": 0.011802411950135438,
    "窃盗": 0.011802411950135438,
    "立て続け": 0.011802411950135438,
    "かんしゃく": 0.011802411950135438,
    "雇う": 0.011802411950135438,
    "執事": 0.011802411950135438,
    "殴り殺す": 0.011802411950135438,
    "死刑": 0.011802411950135438,
    "免れる": 0.011802411950135438,
    "禁固": 0.011802411950135438,
    "刑": 0.011802411950135438,
    "苦しめる": 0.011802411950135438,
    "せい": 0.011802411950135438,
    "すれる": 0.011802411950135438,
    "気むずかしい": 0.011802411950135438,
    "ベンガル": 0.011802411950135438,
    "砲兵": 0.011802411950135438,
    "隊": 0.011802411950135438,
    "少将": 0.011802411950135438,
    "未亡人": 0.011802411950135438,
    "再婚": 0.011802411950135438,
    "赤ん坊": 0.011802411950135438,
    "金持ち": 0.011802411950135438,
    "一〇〇〇": 0.011802411950135438,
    "収入": 0.011802411950135438,
    "譲る": 0.011802411950135438,
    "継父": 0.011802411950135438,
    "毎年": 0.011802411950135438,
    "決まる": 0.011802411950135438,
    "分ける": 0.011802411950135438,
    "クルー": 0.011802411950135438,
    "鉄道": 0.011802411950135438,
    "遭う": 0.011802411950135438,
    "亡き後": 0.011802411950135438,
    "よす": 0.011802411950135438,
    "遺産": 0.011802411950135438,
    "ゆえ": 0.011802411950135438,
    "不自由": 0.011802411950135438,
    "よそ": 0.011802411950135438,
    "にわかだ": 0.011802411950135438,
    "様子": 0.011802411950135438,
    "極端だ": 0.011802411950135438,
    "嫌う": 0.011802411950135438,
    "喜ぶ": 0.011802411950135438,
    "閉じこもる": 0.011802411950135438,
    "たまだ": 0.011802411950135438,
    "外出": 0.011802411950135438,
    "会う": 0.011802411950135438,
    "喧嘩": 0.011802411950135438,
    "荒い": 0.011802411950135438,
    "熱帯": 0.011802411950135438,
    "重なる": 0.011802411950135438,
    "沙汰": 0.011802411950135438,
    "おびえる": 0.011802411950135438,
    "しまい": 0.011802411950135438,
    "あわてる": 0.011802411950135438,
    "いる": 0.011191125723230092,
    "ストーナ": 0.010595868572620903,
    "二": 0.010057392980506074,
    "女": 0.00984436906719774,
    "避ける": 0.00984436906719774,
    "うなずく": 0.00984436906719774,
    "名": 0.00984436906719774,
    "土地": 0.00984436906719774,
    "送る": 0.00984436906719774,
    "取る": 0.00984436906719774,
    "起こす": 0.00984436906719774,
    "現地": 0.00984436906719774,
    "その後": 0.00984436906719774,
    "若い": 0.00984436906719774,
    "ジュリア": 0.00984436906719774,
    "双子": 0.00984436906719774,
    "遺言": 0.00984436906719774,
    "姉妹": 0.00984436906719774,
    "暮らす": 0.00984436906719774,
    "金額": 0.00984436906719774,
    "決まり": 0.00984436906719774,
    "八": 0.00984436906719774,
    "近く": 0.00984436906719774,
    "事故": 0.00984436906719774,
    "連れる": 0.00984436906719774,
    "ご覧": 0.00984436906719774,
    "身分": 0.00984436906719774,
    "付き合う": 0.00984436906719774,
    "かかわる": 0.00984436906719774,
    "かまう": 0.00984436906719774,
    "人々": 0.00984436906719774,
    "逃げる": 0.00984436906719774,
    "思う": 0.009565803279999691,
    "見る": 0.009113584592578583,
    "話す": 0.008698987405875241,
    "始める": 0.008698987405875241,
    "他人": 0.008698987405875241,
    "心": 0.008698987405875241,
    "危険だ": 0.008698987405875241,
    "教える": 0.008698987405875241,
    "サリィ": 0.008698987405875241,
    "州": 0.008698987405875241,
    "存ずる": 0.008698987405875241,
    "広がる": 0.008698987405875241,
    "医者": 0.008698987405875241,
    "当時": 0.008698987405875241,
    "ロンドン": 0.008698987405875241,
    "変わる": 0.008698987405875241,
    "者": 0.008698987405875241,
    "場合": 0.008698987405875241,
    "警察": 0.008698987405875241,
    "姿": 0.008698987405875241,
    "怒る": 0.008698987405875241,
    "とき": 0.008694895484365462,
    "の": 0.00794048083676929,
    "とる": 0.007886326184260042,
    "人間": 0.007886326184260042,
    "ヘレン": 0.007886326184260042,
    "父親": 0.007886326184260042,
    "古い": 0.007886326184260042,
    "四": 0.007886326184260042,
    "結果": 0.007886326184260042,
    "残る": 0.007886326184260042,
    "まいる": 0.007886326184260042,
    "相手": 0.007886326184260042,
    "力": 0.007886326184260042,
    "依頼": 0.0072559771692481505,
    "恐怖": 0.0072559771692481505,
    "よい": 0.0072559771692481505,
    "数": 0.0072559771692481505,
    "起こる": 0.0072559771692481505,
    "後": 0.0072559771692481505,
    "結構だ": 0.0072559771692481505,
    "道": 0.0072559771692481505,
    "引く": 0.0072559771692481505,
    "ひどい": 0.0072559771692481505,
    "誰": 0.0072559771692481505,
    "ホームズ": 0.006969575430403984,
    "一": 0.006969575430403984,
    "身": 0.006740944522937544,
    "村": 0.006740944522937544,
    "来る": 0.006740944522937544,
    "強い": 0.006740944522937544,
    "しれる": 0.00630549062512043,
    "出す": 0.00630549062512043,
    "あなた": 0.00630549062512043,
    "申す": 0.00630549062512043,
    "ひと": 0.00630549062512043,
    "参る": 0.00630549062512043,
    "あいだ": 0.00630549062512043,
    "帰る": 0.00630549062512043,
    "亡くなる": 0.00630549062512043,
    "考える": 0.005928283301322345,
    "見える": 0.005928283301322345,
    "三": 0.005595562861615046,
    "つける": 0.005595562861615046,
    "今": 0.005297934286310452,
    "ため": 0.005297934286310452,
    "入る": 0.005297934286310452,
    "上": 0.005297934286310452,
    "方": 0.005028696490253037,