{
    "部屋": 0.05883677127526316,
    "隅": 0.05773952890649692,
    "閂": 0.052225672879349316,
    "一方": 0.052225672879349316,
    "ふむ": 0.043561333122350006,
    "調べる": 0.03934898041252706,
    "嬢": 0.03849301927099795,
    "ある": 0.035136627702704114,
    "ホームズ": 0.030840371279537628,
    "見る": 0.030245708866620168,
    "鎧戸": 0.029828679513998636,
    "込む": 0.029828679513998636,
    "風": 0.029828679513998636,
    "指示": 0.026112836439674658,
    "従う": 0.026112836439674658,
    "無理だ": 0.026112836439674658,
    "こじ開ける": 0.026112836439674658,
    "尽くす": 0.026112836439674658,
    "はずす": 0.026112836439674658,
    "ナイフ": 0.026112836439674658,
    "刃": 0.026112836439674658,
    "差す": 0.026112836439674658,
    "蝶番": 0.026112836439674658,
    "頑丈だ": 0.026112836439674658,
    "固い": 0.026112836439674658,
    "石壁": 0.026112836439674658,
    "埋める": 0.026112836439674658,
    "さする": 0.026112836439674658,
    "理論": 0.026112836439674658,
    "まずい": 0.026112836439674658,
    "手がかり": 0.026112836439674658,
    "押す": 0.026112836439674658,
    "白壁": 0.026112836439674658,
    "彼女": 0.026112836439674658,
    "茶色": 0.026112836439674658,
    "箪笥": 0.026112836439674658,
    "掛け": 0.026112836439674658,
    "かぶせる": 0.026112836439674658,
    "台": 0.026112836439674658,
    "籐だ": 0.026112836439674658,
    "加える": 0.026112836439674658,
    "高級だ": 0.026112836439674658,
    "ウィルトン": 0.026112836439674658,
    "絨毯": 0.026112836439674658,
    "敷く": 0.026112836439674658,
    "虫": 0.026112836439674658,
    "食う": 0.026112836439674658,
    "樫": 0.026112836439674658,
    "材": 0.026112836439674658,
    "色あせ": 0.026112836439674658,
    "以来": 0.026112836439674658,
    "しずかだ": 0.026112836439674658,
    "上下": 0.026112836439674658,
    "三": 0.02476036566264658,
    "ストーナ": 0.02344335921692375,
    "椅子": 0.02344335921692375,
    "窓": 0.02225198196936969,
    "二": 0.02225198196936969,
    "念入りだ": 0.021780666561175003,
    "いく": 0.021780666561175003,
    "隙間": 0.021780666561175003,
    "鉄製": 0.021780666561175003,
    "困る": 0.021780666561175003,
    "内部": 0.021780666561175003,
    "並ぶ": 0.021780666561175003,
    "遂げる": 0.021780666561175003,
    "質素だ": 0.021780666561175003,
    "天井": 0.021780666561175003,
    "田舎": 0.021780666561175003,
    "左": 0.021780666561175003,
    "化粧": 0.021780666561175003,
    "家具": 0.021780666561175003,
    "中央": 0.021780666561175003,
    "褐色": 0.021780666561175003,
    "建物": 0.021780666561175003,
    "左右": 0.021780666561175003,
    "隅々": 0.021780666561175003,
    "うまい": 0.019246509635498975,
    "拡大": 0.019246509635498975,
    "鏡": 0.019246509635498975,
    "かかる": 0.019246509635498975,
    "通れる": 0.019246509635498975,
    "横": 0.019246509635498975,
    "向かう": 0.019246509635498975,
    "暖炉": 0.019246509635498975,
    "白い": 0.019246509635498975,
    "違いない": 0.019246509635498975,
    "腰": 0.019246509635498975,
    "やる": 0.019246509635498975,
    "ない": 0.019237456259158587,
    "あご": 0.017448496682675344,
    "最期": 0.017448496682675344,
    "小さい": 0.017448496682675344,
    "大きい": 0.017448496682675344,
    "古い": 0.017448496682675344,
    "下ろす": 0.017448496682675344,
    "外": 0.016053849486961532,
    "誰": 0.016053849486961532,
    "廊下": 0.016053849486961532,
    "屋敷": 0.016053849486961532,
    "置く": 0.016053849486961532,
    "引く": 0.016053849486961532,
    "回す": 0.016053849486961532,
    "開く": 0.014914339756999318,
    "戸": 0.014914339756999318,
    "あと": 0.014914339756999318,
    "床": 0.014914339756999318,
    "出す": 0.013950898008078952,
    "使う": 0.013950898008078952,
    "低い": 0.013950898008078952,
    "事件": 0.013116326804175689,
    "寝室": 0.013116326804175689,
    "壁": 0.013116326804175689,
    "僕": 0.01238018283132329,
    "寝台": 0.01238018283132329,
    "上": 0.011721679608461875,
    "できる": 0.011721679608461875,
    "いう": 0.011125990984684845,
    "出る": 0.011125990984684845,
    "手": 0.010582169878499659,
    "ところ": 0.010582169878499659,
    "目": 0.010582169878499659,
    "中": 0.009618728129579293,
    "姉": 0.009618728129579293,
    "何": 0.008784156925676028,
    "の": 0.008784156925676028,
    "もの": 0.008784156925676028,
    "する": 0.007710092819884407,
    "一": 0.007710092819884407
}