{
    "確かだ": 0.07394785540438842,
    "マッチ": 0.06819334295346492,
    "姉": 0.06809719029790649,
    "ひと": 0.0592604517157336,
    "検視": 0.054503390118227184,
    "太い": 0.054503390118227184,
    "こと": 0.05231511313247587,
    "つく": 0.03950696781048907,
    "聞く": 0.03714358033040903,
    "挟む": 0.03697392770219421,
    "聞き": 0.03697392770219421,
    "係官": 0.03697392770219421,
    "訊ね": 0.03697392770219421,
    "軋む": 0.03697392770219421,
    "違える": 0.03697392770219421,
    "寝間着": 0.03697392770219421,
    "右手": 0.03697392770219421,
    "察知": 0.03697392770219421,
    "辺り": 0.03697392770219421,
    "取り調べ": 0.03697392770219421,
    "日頃": 0.03697392770219421,
    "行い": 0.03697392770219421,
    "あまりだ": 0.03697392770219421,
    "じまい": 0.03697392770219421,
    "証言": 0.03697392770219421,
    "旧式だ": 0.03697392770219421,
    "はめる": 0.03697392770219421,
    "閉ざす": 0.03697392770219421,
    "四方": 0.03697392770219421,
    "堅い": 0.03697392770219421,
    "釘": 0.03697392770219421,
    "通す": 0.03697392770219421,
    "傷痕": 0.03697392770219421,
    "見つかる": 0.03697392770219421,
    "分かる": 0.03505892483206595,
    "わたくし": 0.03319413694431681,
    "属音": 0.030839881856530978,
    "間違い": 0.030839881856530978,
    "嵐": 0.030839881856530978,
    "燃え": 0.030839881856530978,
    "左手": 0.030839881856530978,
    "箱": 0.030839881856530978,
    "ご覧": 0.030839881856530978,
    "結論": 0.030839881856530978,
    "詳しい": 0.030839881856530978,
    "死因": 0.030839881856530978,
    "内側": 0.030839881856530978,
    "内部": 0.030839881856530978,
    "間違う": 0.030839881856530978,
    "激しい": 0.027251695059113592,
    "服": 0.027251695059113592,
    "官": 0.027251695059113592,
    "悪い": 0.027251695059113592,
    "かかる": 0.027251695059113592,
    "鉄": 0.027251695059113592,
    "棒": 0.027251695059113592,
    "煙突": 0.027251695059113592,
    "横": 0.027251695059113592,
    "身体": 0.027251695059113592,
    "とき": 0.0272388761191626,
    "古い": 0.024705836010867743,
    "擦る": 0.024705836010867743,
    "なさる": 0.024705836010867743,
    "鍵": 0.024705836010867743,
    "四": 0.024705836010867743,
    "金": 0.02273111431782164,
    "家": 0.02273111431782164,
    "まま": 0.02273111431782164,
    "叩く": 0.02273111431782164,
    "する": 0.02183389117135407,
    "鎧戸": 0.02111764921345036,
    "床": 0.02111764921345036,
    "しれる": 0.019753483905244534,
    "父": 0.019753483905244534,
    "同じだ": 0.019753483905244534,
    "亡くなる": 0.019753483905244534,
    "口笛": 0.018571790165204514,
    "致す": 0.018571790165204514,
    "夜": 0.018571790165204514,
    "壁": 0.018571790165204514,
    "調べる": 0.018571790165204514,
    "口": 0.015753615553536063,
    "いう": 0.015753615553536063,
    "窓": 0.015753615553536063,
    "思う": 0.014983603367787127,
    "の": 0.012437744319541278,
    "ある": 0.012437744319541278,
    "何": 0.012437744319541278,
    "なる": 0.012437744319541278,
    "もの": 0.012437744319541278,
    "ホームズ": 0.010916945585677035,
    "一": 0.010916945585677035
}