{
    "聞こえる": 0.1539409435374229,
    "吹く": 0.12016919482027587,
    "芝地": 0.08857296268668431,
    "あなた": 0.07697047176871145,
    "音": 0.07236594098855552,
    "聞く": 0.07236594098855552,
    "この頃": 0.07203541086806803,
    "浅い": 0.07203541086806803,
    "覚める": 0.07203541086806803,
    "仕業": 0.07203541086806803,
    "あたし": 0.07203541086806803,
    "姉さん": 0.07203541086806803,
    "安眠": 0.07203541086806803,
    "くだらない": 0.07203541086806803,
    "つづく": 0.07203541086806803,
    "する": 0.06380766471628474,
    "眠り": 0.060084597410137934,
    "違う": 0.060084597410137934,
    "笑う": 0.060084597410137934,
    "自室": 0.060084597410137934,
    "毎晩": 0.053093819684135096,
    "あたり": 0.053093819684135096,
    "耳": 0.053093819684135096,
    "姉": 0.05306884485285127,
    "真夜": 0.04813378395220785,
    "閉める": 0.04813378395220785,
    "鍵": 0.04813378395220785,
    "部屋": 0.04637380987212861,
    "隣": 0.044286481343342156,
    "ロマ": 0.044286481343342156,
    "戸": 0.041143006226205016,
    "低い": 0.03848523588435573,
    "しれる": 0.03848523588435573,
    "口笛": 0.03618297049427776,
    "三": 0.03415222850020218,
    "分かる": 0.03415222850020218,
    "いる": 0.03415222850020218,
    "かける": 0.03415222850020218,
    "わたくし": 0.03233566788541207,
    "方": 0.030692388923268536,
    "目": 0.02919219276827492,
    "思う": 0.02919219276827492,
    "もの": 0.02423215703634766,
    "何": 0.02423215703634766,
    "一": 0.021269221572094914,
    "こと": 0.020384854427481978
}