{
    "長い": 0.05187596437217154,
    "ひも": 0.05187596437217154,
    "つく": 0.048524862636796354,
    "異様だ": 0.04541362859073853,
    "光景": 0.04541362859073853,
    "奪う": 0.04541362859073853,
    "半分": 0.04541362859073853,
    "角灯": 0.04541362859073853,
    "ランタン": 0.04541362859073853,
    "流れ出る": 0.04541362859073853,
    "ねずみ色": 0.04541362859073853,
    "着": 0.04541362859073853,
    "ドレッシング": 0.04541362859073853,
    "ガウン": 0.04541362859073853,
    "つきだす": 0.04541362859073853,
    "素足": 0.04541362859073853,
    "かかと": 0.04541362859073853,
    "赤": 0.04541362859073853,
    "トルコ": 0.04541362859073853,
    "スリッパ": 0.04541362859073853,
    "つっかける": 0.04541362859073853,
    "短い": 0.04541362859073853,
    "柄": 0.04541362859073853,
    "上向き": 0.04541362859073853,
    "額": 0.04541362859073853,
    "周囲": 0.04541362859073853,
    "斑": 0.04541362859073853,
    "しめる": 0.04541362859073853,
    "身動き": 0.04541362859073853,
    "つける": 0.043061505500254914,
    "卓上": 0.03787942010639131,
    "わき": 0.03787942010639131,
    "木": 0.03787942010639131,
    "化粧": 0.03787942010639131,
    "昼間": 0.03787942010639131,
    "見開く": 0.03787942010639131,
    "天井": 0.03787942010639131,
    "にらむ": 0.03787942010639131,
    "褐色": 0.03787942010639131,
    "目": 0.036807547403477074,
    "博士": 0.03506748854100889,
    "机": 0.033472190670433,
    "包む": 0.033472190670433,
    "腰": 0.033472190670433,
    "膝": 0.033472190670433,
    "隅": 0.033472190670433,
    "黄色い": 0.033472190670433,
    "状": 0.033472190670433,
    "ない": 0.03345644566810189,
    "ある": 0.030553589306699224,
    "もの": 0.030553589306699224,
    "開ける": 0.030345211622044076,
    "あご": 0.030345211622044076,
    "妙だ": 0.030345211622044076,
    "きつい": 0.030345211622044076,
    "置く": 0.02791973823819397,
    "まま": 0.02791973823819397,
    "金庫": 0.02791973823819397,
    "鞭": 0.02791973823819397,
    "光": 0.02593798218608577,
    "戸": 0.02593798218608577,
    "開く": 0.02593798218608577,
    "身": 0.02593798218608577,
    "強い": 0.02593798218608577,
    "おる": 0.02593798218608577,
    "グリムズビ": 0.024262431318398177,
    "見える": 0.022811003137696847,
    "頭": 0.022811003137696847,
    "聞く": 0.022811003137696847,
    "かける": 0.021530752750127457,
    "我々": 0.021530752750127457,
    "私": 0.020385529753846738,
    "椅子": 0.020385529753846738,
    "上": 0.020385529753846738,
    "入る": 0.020385529753846738,
    "窓": 0.019349549538582336,
    "口": 0.019349549538582336,
    "ロイロット": 0.018403773701738537,
    "見る": 0.017533744270504446,
    "中": 0.016728222834050944,
    "とき": 0.016728222834050944,
    "部屋": 0.01461783137273619,
    "一": 0.013408857078059838
}