{
    "通風": 0.04072174677678995,
    "する": 0.037892606350285137,
    "私": 0.03200458596167065,
    "危険だ": 0.03153011817419627,
    "口": 0.030378132381392066,
    "小さい": 0.028584567944314555,
    "少年": 0.028519138773706112,
    "ゆく": 0.028519138773706112,
    "巧妙だ": 0.028519138773706112,
    "犯罪": 0.028519138773706112,
    "寝台": 0.027042037583777833,
    "君": 0.026299821685124694,
    "気": 0.024433048066073968,
    "行く": 0.024433048066073968,
    "ある": 0.023984046213449906,
    "博士": 0.022021904066708654,
    "居間": 0.021020078782797515,
    "付く": 0.021020078782797515,
    "僕": 0.020281528187833374,
    "我々": 0.020281528187833374,
    "できる": 0.019202751577002387,
    "言う": 0.019202751577002387,
    "の": 0.019187236970759924,
    "妙だ": 0.019056378629543038,
    "引き綱": 0.019056378629543038,
    "綱": 0.019056378629543038,
    "二": 0.01822687942883524,
    "馬車": 0.017533214456749796,
    "ロイロット": 0.017335977957951658,
    "ホームズ": 0.016841158377904505,
    "ワトソン": 0.01628869871071598,
    "来る": 0.01628869871071598,
    "帰る": 0.015236475640222746,
    "ストーク": 0.015236475640222746,
    "モラン": 0.015236475640222746,
    "見える": 0.014324998557461503,
    "声": 0.014324998557461503,
    "判然たる": 0.014259569386853056,
    "暇だ": 0.014259569386853056,
    "失礼": 0.014259569386853056,
    "持ち": 0.014259569386853056,
    "取り除く": 0.014259569386853056,
    "つき": 0.014259569386853056,
    "手配": 0.014259569386853056,
    "陣取る": 0.014259569386853056,
    "領主": 0.014259569386853056,
    "門": 0.014259569386853056,
    "いたる": 0.014259569386853056,
    "見通す": 0.014259569386853056,
    "夕暮れ": 0.014259569386853056,
    "帰宅": 0.014259569386853056,
    "比べる": 0.014259569386853056,
    "巨体": 0.014259569386853056,
    "鉄門": 0.014259569386853056,
    "荒々しい": 0.014259569386853056,
    "怒鳴り": 0.014259569386853056,
    "握り拳": 0.014259569386853056,
    "走る": 0.014259569386853056,
    "縫う": 0.014259569386853056,
    "だす": 0.014259569386853056,
    "暮れる": 0.014259569386853056,
    "腰掛ける": 0.014259569386853056,
    "今晩": 0.014259569386853056,
    "ためらう": 0.014259569386853056,
    "お邪魔": 0.014259569386853056,
    "助かる": 0.014259569386853056,
    "不自然だ": 0.014259569386853056,
    "ネズミ": 0.014259569386853056,
    "踏む": 0.014259569386853056,
    "本気だ": 0.014259569386853056,
    "匂う": 0.014259569386853056,
    "答え": 0.014259569386853056,
    "害": 0.014259569386853056,
    "時期": 0.014259569386853056,
    "一致": 0.014259569386853056,
    "作る": 0.014259569386853056,
    "つるす": 0.014259569386853056,
    "寝る": 0.014259569386853056,
    "つながり": 0.014259569386853056,
    "金具": 0.014259569386853056,
    "動かせる": 0.014259569386853056,
    "位置": 0.014259569386853056,
    "対する": 0.014259569386853056,
    "おぼろげだ": 0.014259569386853056,
    "瀬戸際": 0.014259569386853056,
    "食い止める": 0.014259569386853056,
    "一流": 0.014259569386853056,
    "パーマ": 0.014259569386853056,
    "プリチャド": 0.014259569386853056,
    "筆頭": 0.014259569386853056,
    "今回": 0.014259569386853056,
    "パイプ": 0.014259569386853056,
    "くわえる": 0.014259569386853056,
    "気分": 0.014259569386853056,
    "転換": 0.014259569386853056,
    "部屋": 0.013769697811860711,
    "いる": 0.013521018791888917,
    "分かる": 0.013521018791888917,
    "上": 0.012801834384668259,
    "いう": 0.012151252952556826,
    "こと": 0.012105681468880082,
    "違う": 0.011893879350812289,
    "知れる": 0.011893879350812289,
    "台無しだ": 0.011893879350812289,
    "いただける": 0.011893879350812289,
    "迫る": 0.011893879350812289,
    "イン": 0.011893879350812289,
    "館": 0.011893879350812289,
    "住居": 0.011893879350812289,
    "覆う": 0.011893879350812289,
    "灯す": 0.011893879350812289,
    "木立": 0.011893879350812289,
    "連れる": 0.011893879350812289,
    "決まり": 0.011893879350812289,
    "ありがたい": 0.011893879350812289,
    "見逃す": 0.011893879350812289,
    "思える": 0.011893879350812289,
    "思い出す": 0.011893879350812289,
    "煙草": 0.011893879350812289,
    "通じる": 0.011893879350812289,
    "はず": 0.011893879350812289,
    "気づく": 0.011893879350812289,
    "導く": 0.011893879350812289,
    "女性": 0.011893879350812289,
    "別だ": 0.011893879350812289,
    "固定": 0.011893879350812289,
    "悪事": 0.011893879350812289,
    "行う": 0.011893879350812289,
    "思う": 0.01155731863863444,
    "見る": 0.011010952033354327,
    "原因": 0.010510039391398758,
    "安心": 0.010510039391398758,
    "宿屋": 0.010510039391398758,
    "クラウン": 0.010510039391398758,
    "棟": 0.010510039391398758,
    "時": 0.010510039391398758,
    "御者": 0.010510039391398758,
    "重い": 0.010510039391398758,
    "怒る": 0.010510039391398758,
    "振る": 0.010510039391398758,
    "黄色い": 0.010510039391398758,
    "漏れる": 0.010510039391398758,
    "なか": 0.010510039391398758,
    "推理": 0.010510039391398758,
    "変わる": 0.010510039391398758,
    "見当": 0.010510039391398758,
    "通れる": 0.010510039391398758,
    "お嬢さん": 0.010510039391398758,
    "違いない": 0.010510039391398758,
    "検視": 0.010510039391398758,
    "官": 0.010510039391398758,
    "奇妙だ": 0.010510039391398758,
    "関係": 0.010510039391398758,
    "鳴る": 0.010510039391398758,
    "張る": 0.010510039391398758,
    "医師": 0.010510039391398758,
    "抜ける": 0.010510039391398758,
    "ない": 0.010505095568141208,
    "何": 0.009593618485379962,
    "もの": 0.009593618485379962,
    "なる": 0.009593618485379962,
    "いたす": 0.009528189314771519,
    "開ける": 0.009528189314771519,
    "いい": 0.009528189314771519,
    "まえ": 0.009528189314771519,
    "婦人": 0.009528189314771519,
    "呼ぶ": 0.009528189314771519,
    "相手": 0.009528189314771519,
    "終わる": 0.009528189314771519,
    "シャー": 0.008766607228374898,
    "ロック": 0.008766607228374898,
    "道": 0.008766607228374898,
    "回す": 0.008766607228374898,
    "数": 0.008766607228374898,
    "後": 0.008766607228374898,
    "引く": 0.008766607228374898,
    "恐ろしい": 0.008766607228374898,
    "静かだ": 0.008766607228374898,
    "一": 0.008420579188952252,
    "強い": 0.00814434935535799,
    "言葉": 0.00814434935535799,
    "ランプ": 0.00814434935535799,
    "光": 0.00814434935535799,
    "床": 0.00814434935535799,
    "グリムズビ": 0.007618237820111373,
    "聞こえる": 0.007618237820111373,
    "あいだ": 0.007618237820111373,
    "前": 0.007618237820111373,
    "亡くなる": 0.007618237820111373,
    "同じだ": 0.007618237820111373,
    "寝室": 0.007162499278730751,
    "穴": 0.007162499278730751,
    "調べる": 0.007162499278730751,
    "夜": 0.007162499278730751,
    "三": 0.006760509395944458,
    "ストーナ": 0.006400917192334129,
    "椅子": 0.006400917192334129,
    "ため": 0.006400917192334129,
    "窓": 0.006075626476278413,
    "話": 0.006075626476278413,
    "ところ": 0.00577865931931722,
    "姉": 0.005252547784070604,
    "とき": 0.005252547784070604
}