{
    "姉": 0.13267211213212818,
    "敷地": 0.12016919482027587,
    "ロマ": 0.08857296268668431,
    "思う": 0.08757657830482476,
    "ひも": 0.08228601245241003,
    "ある": 0.07269647110904298,
    "毒殺": 0.07203541086806803,
    "びっくり": 0.07203541086806803,
    "心当たり": 0.07203541086806803,
    "夢中だ": 0.07203541086806803,
    "うわ言": 0.07203541086806803,
    "水玉": 0.07203541086806803,
    "模様": 0.07203541086806803,
    "ハンカチーフ": 0.07203541086806803,
    "いる": 0.06830445700040436,
    "気の毒だ": 0.060084597410137934,
    "驚く": 0.060084597410137934,
    "ふむ": 0.060084597410137934,
    "叫ぶ": 0.060084597410137934,
    "多く": 0.060084597410137934,
    "巻く": 0.060084597410137934,
    "医者": 0.053093819684135096,
    "調べ": 0.053093819684135096,
    "原因": 0.053093819684135096,
    "激しい": 0.053093819684135096,
    "死ぬ": 0.053093819684135096,
    "まだらだ": 0.053093819684135096,
    "者": 0.053093819684135096,
    "関係": 0.053093819684135096,
    "何": 0.04846431407269532,
    "結果": 0.04813378395220785,
    "恐怖": 0.044286481343342156,
    "おる": 0.041143006226205016,
    "言葉": 0.041143006226205016,
    "つく": 0.03848523588435573,
    "亡くなる": 0.03848523588435573,
    "使う": 0.03848523588435573,
    "頭": 0.03618297049427776,
    "分かる": 0.03415222850020218,
    "ため": 0.03233566788541207,
    "とき": 0.026534422426425636,
    "中": 0.026534422426425636,
    "なる": 0.02423215703634766,
    "する": 0.021269221572094914,
    "こと": 0.020384854427481978
}