{
    "猫": 0.17719864320955936,
    "書類": 0.14162894340162527,
    "ごらん": 0.1181324288063729,
    "皿": 0.1181324288063729,
    "中": 0.10433874581238556,
    "豹": 0.09463591421112051,
    "金庫": 0.0870717260309778,
    "おる": 0.08089133427525054,
    "前": 0.07566588750144516,
    "個人": 0.07081447170081263,
    "滅": 0.07081447170081263,
    "相": 0.07081447170081263,
    "満足": 0.07081447170081263,
    "増える": 0.07081447170081263,
    "部分": 0.07081447170081263,
    "ホームズ": 0.06272617887363585,
    "軽い": 0.05906621440318645,
    "みせる": 0.05906621440318645,
    "はず": 0.05906621440318645,
    "木": 0.05906621440318645,
    "しゃがむ": 0.05906621440318645,
    "念入りだ": 0.05906621440318645,
    "牛乳": 0.052193924435251456,
    "存ずる": 0.052193924435251456,
    "背": 0.052193924435251456,
    "ない": 0.05216937290619278,
    "何": 0.04764288502061574,
    "なさる": 0.047317957105560256,
    "下ろす": 0.047317957105560256,
    "うち": 0.047317957105560256,
    "ヒヒ": 0.047317957105560256,
    "言える": 0.047317957105560256,
    "叩く": 0.0435358630154889,
    "一": 0.0418174525824239,
    "考える": 0.03556969980793407,
    "調べる": 0.03556969980793407,
    "いる": 0.03357337716969028,
    "上": 0.03178760571786271,
    "入る": 0.03178760571786271,
    "椅子": 0.03178760571786271,
    "する": 0.02090872629121195,
    "こと": 0.02003934842023652
}