{
    "いく": 0.07659135494039562,
    "引き綱": 0.06135735097204517,
    "部屋": 0.0591138675293068,
    "通風": 0.05244602991472288,
    "もの": 0.04633401455301641,
    "大工": 0.04591267945437303,
    "あける": 0.04591267945437303,
    "外気": 0.04591267945437303,
    "最近": 0.04591267945437303,
    "そのほか": 0.04591267945437303,
    "非常だ": 0.04591267945437303,
    "興味深い": 0.04591267945437303,
    "特徴": 0.04591267945437303,
    "広い": 0.04591267945437303,
    "折りたたみ": 0.04591267945437303,
    "医学": 0.04591267945437303,
    "書": 0.04591267945437303,
    "詰まる": 0.04591267945437303,
    "木製": 0.04591267945437303,
    "本棚": 0.04591267945437303,
    "肘掛": 0.04591267945437303,
    "粗末だ": 0.04591267945437303,
    "円卓": 0.04591267945437303,
    "関心": 0.04591267945437303,
    "寝台": 0.04353470885740058,
    "入る": 0.041219093128657146,
    "椅子": 0.041219093128657146,
    "一": 0.04066862146752215,
    "口": 0.039124363902188465,
    "つぶやく": 0.03829567747019781,
    "引っ張る": 0.03829567747019781,
    "点": 0.03829567747019781,
    "直す": 0.03829567747019781,
    "内側": 0.03829567747019781,
    "家具": 0.03829567747019781,
    "同様だ": 0.03829567747019781,
    "質素だ": 0.03829567747019781,
    "わき": 0.03829567747019781,
    "とまる": 0.03829567747019781,
    "奇妙だ": 0.03384001694153666,
    "飾り": 0.03384001694153666,
    "調べ": 0.03384001694153666,
    "娘": 0.03384001694153666,
    "寄せる": 0.03384001694153666,
    "ある": 0.030889343035344276,
    "妙だ": 0.030678675486022586,
    "綱": 0.030678675486022586,
    "ございます": 0.030678675486022586,
    "よろしい": 0.030678675486022586,
    "大きい": 0.030678675486022586,
    "歩く": 0.030678675486022586,
    "回る": 0.030678675486022586,
    "隣": 0.028226548548503795,
    "金庫": 0.028226548548503795,
    "ホームズ": 0.027112414311681432,
    "風": 0.02622301495736144,
    "強い": 0.02622301495736144,
    "同じだ": 0.02452905144277618,
    "ひと": 0.02452905144277618,
    "参る": 0.02452905144277618,
    "グリムズビ": 0.02452905144277618,
    "立つ": 0.02452905144277618,
    "持つ": 0.02452905144277618,
    "考える": 0.023061673501847364,
    "穴": 0.023061673501847364,
    "寝室": 0.023061673501847364,
    "壁": 0.023061673501847364,
    "調べる": 0.023061673501847364,
    "ストーナ": 0.020609546564328573,
    "できる": 0.020609546564328573,
    "ところ": 0.018606012973186214,
    "ロイロット": 0.018606012973186214,
    "目": 0.018606012973186214,
    "博士": 0.01772642277897153,
    "何": 0.015444671517672138
}