{
    "引き綱": 0.08909870646472515,
    "呼び鈴": 0.08889476234782862,
    "床": 0.07615833067403906,
    "通じる": 0.07414694999548936,
    "上": 0.059855385234698924,
    "自分": 0.05939913764315011,
    "動く": 0.05939913764315011,
    "調べる": 0.04465132529081085,
    "壁": 0.04465132529081085,
    "ふとい": 0.04444738117391431,
    "枕": 0.04444738117391431,
    "房": 0.04444738117391431,
    "乗っかる": 0.04444738117391431,
    "立派だ": 0.04444738117391431,
    "不必要だ": 0.04444738117391431,
    "確認": 0.04444738117391431,
    "いつ": 0.04444738117391431,
    "くばる": 0.04444738117391431,
    "前後": 0.04444738117391431,
    "床板": 0.04444738117391431,
    "細かい": 0.04444738117391431,
    "すむ": 0.04444738117391431,
    "木材": 0.04444738117391431,
    "つくす": 0.04444738117391431,
    "歩み寄る": 0.04444738117391431,
    "最後だ": 0.04444738117391431,
    "思い切る": 0.04444738117391431,
    "針金": 0.04444738117391431,
    "つながる": 0.04444738117391431,
    "換気": 0.04444738117391431,
    "かぎ針": 0.04444738117391431,
    "訳": 0.04444738117391431,
    "寝台": 0.042145303255568645,
    "つける": 0.042145303255568645,
    "垂れ下がる": 0.03707347499774468,
    "指さす": 0.03707347499774468,
    "家政": 0.03707347499774468,
    "婦": 0.03707347499774468,
    "新しい": 0.03707347499774468,
    "近づける": 0.03707347499774468,
    "隙間": 0.03707347499774468,
    "眺める": 0.03707347499774468,
    "引っ張る": 0.03707347499774468,
    "面白い": 0.03707347499774468,
    "ごらん": 0.03707347499774468,
    "気づく": 0.03707347499774468,
    "そば": 0.032760016400849315,
    "太い": 0.032760016400849315,
    "拡大": 0.032760016400849315,
    "鏡": 0.032760016400849315,
    "下": 0.032760016400849315,
    "つかむ": 0.032760016400849315,
    "飾り": 0.032760016400849315,
    "鳴る": 0.032760016400849315,
    "あたり": 0.032760016400849315,
    "綱": 0.029699568821575054,
    "結ぶ": 0.029699568821575054,
    "見つめる": 0.027325701254402607,
    "回す": 0.027325701254402607,
    "わかる": 0.027325701254402607,
    "ホームズ": 0.02624712449322351,
    "待つ": 0.025386110224679688,
    "くださる": 0.025386110224679688,
    "持つ": 0.023746209375453534,
    "同じだ": 0.023746209375453534,
    "致す": 0.022325662645405427,
    "頭": 0.022325662645405427,
    "穴": 0.022325662645405427,
    "先": 0.019951795078232977,
    "ため": 0.019951795078232977,
    "今": 0.019951795078232977,
    "二": 0.018937856995208245,
    "話": 0.018937856995208245,
    "手": 0.018012204048510057,
    "姉": 0.016372303199283903,
    "もの": 0.014951756469235791,
    "部屋": 0.01430681368395457,
    "する": 0.013123562246611755,
    "こと": 0.012577888902063347
}