{
    "姉": 0.09491608374562827,
    "わたくし": 0.06609581453229603,
    "廊下": 0.05657744312585562,
    "父": 0.04916616038089499,
    "鍵": 0.03689549959332231,
    "扉": 0.03689549959332231,
    "する": 0.03260655994312348,
    "眠れる": 0.030704023346149786,
    "嵐": 0.030704023346149786,
    "駆ける": 0.030704023346149786,
    "聞こえる": 0.02949969622853699,
    "音": 0.027734964167419957,
    "声": 0.027734964167419957,
    "激しい": 0.02713164353902939,
    "息": 0.02713164353902939,
    "出る": 0.02352632454911333,
    "恐ろしい": 0.02263097725034225,
    "気": 0.021024619921761155,
    "ひも": 0.021024619921761155,
    "戻る": 0.021024619921761155,
    "申す": 0.019666464152357996,
    "出す": 0.019666464152357996,
    "何": 0.01857442874151759,
    "飼う": 0.018405523481709013,
    "胸騒ぎ": 0.018405523481709013,
    "ご存じ": 0.018405523481709013,
    "魂": 0.018405523481709013,
    "お互い": 0.018405523481709013,
    "ものすごい": 0.018405523481709013,
    "敏感だ": 0.018405523481709013,
    "晩": 0.018405523481709013,
    "うなり": 0.018405523481709013,
    "雨": 0.018405523481709013,
    "絹": 0.018405523481709013,
    "裂く": 0.018405523481709013,
    "抜け": 0.018405523481709013,
    "掛": 0.018405523481709013,
    "巻き付く": 0.018405523481709013,
    "一声": 0.018405523481709013,
    "金物": 0.018405523481709013,
    "堕ちる": 0.018405523481709013,
    "浴びる": 0.018405523481709013,
    "すがる": 0.018405523481709013,
    "手つき": 0.018405523481709013,
    "千鳥足": 0.018405523481709013,
    "両腕": 0.018405523481709013,
    "抱く": 0.018405523481709013,
    "とめる": 0.018405523481709013,
    "足": 0.018405523481709013,
    "倒れる": 0.018405523481709013,
    "痛む": 0.018405523481709013,
    "もだえ": 0.018405523481709013,
    "手足": 0.018405523481709013,
    "震わせる": 0.018405523481709013,
    "中腰": 0.018405523481709013,
    "絞り出す": 0.018405523481709013,
    "突き刺す": 0.018405523481709013,
    "指す": 0.018405523481709013,
    "全身": 0.018405523481709013,
    "ひく": 0.018405523481709013,
    "つけ": 0.018405523481709013,
    "物": 0.018405523481709013,
    "引っかける": 0.018405523481709013,
    "ブランデイ": 0.018405523481709013,
    "つぎ込む": 0.018405523481709013,
    "施し": 0.018405523481709013,
    "意識": 0.018405523481709013,
    "愛する": 0.018405523481709013,
    "部屋": 0.017773222285793783,
    "かける": 0.01745224011464076,
    "言う": 0.016523953633074007,
    "こと": 0.015625395023708653,
    "双子": 0.015352011673074893,
    "女": 0.015352011673074893,
    "間違う": 0.015352011673074893,
    "起きる": 0.015352011673074893,
    "飛び出す": 0.015352011673074893,
    "怖い": 0.015352011673074893,
    "戸口": 0.015352011673074893,
    "現れる": 0.015352011673074893,
    "真っ青だ": 0.015352011673074893,
    "駆け寄る": 0.015352011673074893,
    "場": 0.015352011673074893,
    "忘れる": 0.015352011673074893,
    "助ける": 0.015352011673074893,
    "上げる": 0.015352011673074893,
    "名": 0.015352011673074893,
    "出会う": 0.015352011673074893,
    "失う": 0.015352011673074893,
    "迎える": 0.015352011673074893,
    "引き取る": 0.015352011673074893,
    "思う": 0.014917596304492912,
    "ところ": 0.014917596304492912,
    "答える": 0.013565821769514695,
    "毎晩": 0.013565821769514695,
    "安心": 0.013565821769514695,
    "鳴る": 0.013565821769514695,
    "時": 0.013565821769514695,
    "とおり": 0.013565821769514695,
    "続く": 0.013565821769514695,
    "重い": 0.013565821769514695,
    "外す": 0.013565821769514695,
    "呑む": 0.013565821769514695,
    "進む": 0.013565821769514695,
    "身体": 0.013565821769514695,
    "抜ける": 0.013565821769514695,
    "はじめ": 0.013565821769514695,
    "まだらだ": 0.013565821769514695,
    "指": 0.013565821769514695,
    "一緒だ": 0.013565821769514695,
    "医師": 0.013565821769514695,
    "ない": 0.013559440535089754,
    "豹": 0.012298499864440772,
    "ヒヒ": 0.012298499864440772,
    "結ぶ": 0.012298499864440772,
    "感じる": 0.012298499864440772,
    "肩": 0.012298499864440772,
    "開ける": 0.012298499864440772,
    "いたす": 0.012298499864440772,
    "力": 0.012298499864440772,
    "願い": 0.012298499864440772,
    "ヘレン": 0.012298499864440772,
    "高い": 0.012298499864440772,
    "言える": 0.012298499864440772,
    "呼ぶ": 0.012298499864440772,
    "最期": 0.012298499864440772,
    "ふた": 0.011315488625171125,
    "外": 0.011315488625171125,
    "叩く": 0.011315488625171125,
    "恐怖": 0.011315488625171125,
    "ひどい": 0.011315488625171125,
    "起こる": 0.011315488625171125,
    "まま": 0.011315488625171125,
    "くださる": 0.010512309960880577,
    "強い": 0.010512309960880577,
    "風": 0.010512309960880577,
    "開く": 0.010512309960880577,
    "ランプ": 0.010512309960880577,
    "光": 0.010512309960880577,
    "顔": 0.010512309960880577,
    "身": 0.010512309960880577,
    "村": 0.010512309960880577,
    "前": 0.009833232076178998,
    "低い": 0.009833232076178998,
    "夜": 0.009244988055806654,
    "口笛": 0.009244988055806654,
    "致す": 0.009244988055806654,
    "分かる": 0.00872612005732038,
    "先": 0.008261976816537004,
    "話": 0.007842108183037776,
    "いう": 0.007842108183037776,
    "窓": 0.007842108183037776,
    "方": 0.007842108183037776,
    "口": 0.007842108183037776,
    "手": 0.007458798152246456,
    "中": 0.006779720267544877,
    "とき": 0.006779720267544877,
    "の": 0.006191476247172531,
    "なる": 0.006191476247172531,
    "ホームズ": 0.005434426657187247
}