{
    "娘": 0.0483049653596837,
    "駅": 0.0483049653596837,
    "する": 0.033863937091257,
    "深い": 0.032844229049741824,
    "細君": 0.03276904964978781,
    "価格": 0.03276904964978781,
    "年収": 0.03276904964978781,
    "馬車": 0.030219010798986413,
    "屋敷": 0.030219010798986413,
    "ウォータルー": 0.027332601174807847,
    "木々": 0.027332601174807847,
    "指さす": 0.027332601174807847,
    "うまい": 0.02415248267984185,
    "御者": 0.02415248267984185,
    "ホームズ": 0.019350821195004,
    "行く": 0.018716034204861887,
    "ひと": 0.017507009265040254,
    "なる": 0.016534883624801933,
    "水色": 0.016384524824893904,
    "紙": 0.016384524824893904,
    "数字": 0.016384524824893904,
    "抜き書き": 0.016384524824893904,
    "書く": 0.016384524824893904,
    "正確だ": 0.016384524824893904,
    "内容": 0.016384524824893904,
    "投下": 0.016384524824893904,
    "資本": 0.016384524824893904,
    "現在": 0.016384524824893904,
    "計算": 0.016384524824893904,
    "一一〇〇": 0.016384524824893904,
    "農産物": 0.016384524824893904,
    "下落": 0.016384524824893904,
    "七五〇": 0.016384524824893904,
    "二五〇": 0.016384524824893904,
    "取れる": 0.016384524824893904,
    "嫁ぐ": 0.016384524824893904,
    "損なう": 0.016384524824893904,
    "無駄だ": 0.016384524824893904,
    "しでかす": 0.016384524824893904,
    "有力だ": 0.016384524824893904,
    "動機": 0.016384524824893904,
    "証明": 0.016384524824893904,
    "老人": 0.016384524824893904,
    "邪魔だ": 0.016384524824893904,
    "辻": 0.016384524824893904,
    "急ぐ": 0.016384524824893904,
    "エリィ": 0.016384524824893904,
    "ＮＯ．": 0.016384524824893904,
    "２": 0.016384524824893904,
    "紳士": 0.016384524824893904,
    "対抗": 0.016384524824893904,
    "歯": 0.016384524824893904,
    "ブラシ": 0.016384524824893904,
    "足りる": 0.016384524824893904,
    "捕まえる": 0.016384524824893904,
    "付き": 0.016384524824893904,
    "軽": 0.016384524824893904,
    "美しい": 0.016384524824893904,
    "揺られる": 0.016384524824893904,
    "申し分": 0.016384524824893904,
    "天気": 0.016384524824893904,
    "うららかだ": 0.016384524824893904,
    "雲": 0.016384524824893904,
    "沿道": 0.016384524824893904,
    "生け垣": 0.016384524824893904,
    "新緑": 0.016384524824893904,
    "若葉": 0.016384524824893904,
    "芽生える": 0.016384524824893904,
    "空気": 0.016384524824893904,
    "湿る": 0.016384524824893904,
    "土": 0.016384524824893904,
    "香り": 0.016384524824893904,
    "含む": 0.016384524824893904,
    "さわやかだ": 0.016384524824893904,
    "希望": 0.016384524824893904,
    "取り組む": 0.016384524824893904,
    "対比": 0.016384524824893904,
    "席": 0.016384524824893904,
    "腕組み": 0.016384524824893904,
    "かぶる": 0.016384524824893904,
    "胸": 0.016384524824893904,
    "沈む": 0.016384524824893904,
    "牧場": 0.016384524824893904,
    "彼方": 0.016384524824893904,
    "立木": 0.016384524824893904,
    "多い": 0.016384524824893904,
    "庭園": 0.016384524824893904,
    "緩やかだ": 0.016384524824893904,
    "丘": 0.016384524824893904,
    "沿う": 0.016384524824893904,
    "頂上": 0.016384524824893904,
    "緑": 0.016384524824893904,
    "森": 0.016384524824893904,
    "古": 0.016384524824893904,
    "破風": 0.016384524824893904,
    "のぞく": 0.016384524824893904,
    "がす": 0.016384524824893904,
    "普請": 0.016384524824893904,
    "行き先": 0.016384524824893904,
    "あす": 0.016384524824893904,
    "こが": 0.016384524824893904,
    "奥": 0.016384524824893904,
    "集落": 0.016384524824893904,
    "石段": 0.016384524824893904,
    "畑": 0.016384524824893904,
    "小道": 0.016384524824893904,
    "っしゃる": 0.016384524824893904,
    "近道": 0.016384524824893904,
    "ほん": 0.016384524824893904,
    "小手": 0.016384524824893904,
    "かざす": 0.016384524824893904,
    "私": 0.014709558724344313,
    "いっぱいだ": 0.013666300587403923,
    "遺言": 0.013666300587403923,
    "深刻だ": 0.013666300587403923,
    "準備": 0.013666300587403923,
    "次第": 0.013666300587403923,
    "リヴォルヴァ": 0.013666300587403923,
    "懐": 0.013666300587403923,
    "忍ぶ": 0.013666300587403923,
    "ありがたい": 0.013666300587403923,
    "掻き": 0.013666300587403923,
    "折る": 0.013666300587403923,
    "頼む": 0.013666300587403923,
    "田舎": 0.013666300587403923,
    "五": 0.013666300587403923,
    "日": 0.013666300587403923,
    "空": 0.013666300587403923,
    "春": 0.013666300587403923,
    "使命": 0.013666300587403923,
    "帽子": 0.013666300587403923,
    "起こす": 0.013666300587403923,
    "覆う": 0.013666300587403923,
    "灰色": 0.013666300587403923,
    "屋根": 0.013666300587403923,
    "訊ねる": 0.013666300587403923,
    "左手": 0.013666300587403923,
    "眺める": 0.013666300587403923,
    "賢明だ": 0.013666300587403923,
    "見る": 0.012651799787344384,
    "状": 0.012076241339920924,
    "関係": 0.012076241339920924,
    "死ぬ": 0.012076241339920924,
    "当時": 0.012076241339920924,
    "受ける": 0.012076241339920924,
    "仕事": 0.012076241339920924,
    "場合": 0.012076241339920924,
    "事": 0.012076241339920924,
    "鉄": 0.012076241339920924,
    "棒": 0.012076241339920924,
    "宿屋": 0.012076241339920924,
    "サリィ": 0.012076241339920924,
    "州": 0.012076241339920924,
    "重い": 0.012076241339920924,
    "広がる": 0.012076241339920924,
    "間": 0.012076241339920924,
    "答える": 0.012076241339920924,
    "やる": 0.012076241339920924,
    "ある": 0.011023255749867955,
    "今朝": 0.01094807634991394,
    "呼ぶ": 0.01094807634991394,
    "火": 0.01094807634991394,
    "レザヘッド": 0.01094807634991394,
    "汽車": 0.01094807634991394,
    "四": 0.01094807634991394,
    "妙だ": 0.01094807634991394,
    "感じる": 0.01094807634991394,
    "あご": 0.01094807634991394,
    "考え": 0.01094807634991394,
    "肩": 0.01094807634991394,
    "まえ": 0.01094807634991394,
    "高い": 0.01094807634991394,
    "歩く": 0.01094807634991394,
    "シャー": 0.010073003599662138,
    "ロック": 0.010073003599662138,
    "外": 0.010073003599662138,
    "結婚": 0.010073003599662138,
    "ふた": 0.010073003599662138,
    "道": 0.010073003599662138,
    "叩く": 0.010073003599662138,
    "結構だ": 0.010073003599662138,
    "君": 0.010073003599662138,
    "まま": 0.010073003599662138,
    "込む": 0.009358017102430944,
    "ほど": 0.009358017102430944,
    "ワトソン": 0.009358017102430944,
    "友人": 0.009358017102430944,
    "身": 0.009358017102430944,
    "村": 0.009358017102430944,
    "上がる": 0.009358017102430944,
    "帰る": 0.008753504632520127,
    "持つ": 0.008753504632520127,
    "亡くなる": 0.008753504632520127,
    "つく": 0.008753504632520127,
    "あいだ": 0.008753504632520127,
    "ストーク": 0.008753504632520127,
    "モラン": 0.008753504632520127,
    "グリムズビ": 0.008753504632520127,
    "考える": 0.00822985211242396,
    "僕": 0.007767957854947946,
    "分かる": 0.007767957854947946,
    "我々": 0.007767957854947946,
    "いる": 0.007767957854947946,
    "つける": 0.007767957854947946,
    "ため": 0.0073547793621721565,
    "今": 0.0073547793621721565,
    "できる": 0.0073547793621721565,
    "ストーナ": 0.0073547793621721565,
    "言う": 0.0073547793621721565,
    "いう": 0.006981013951174804,
    "手": 0.006639792864940962,
    "ところ": 0.006639792864940962,
    "ロイロット": 0.006639792864940962,
    "博士": 0.006325899893672192,
    "ない": 0.0060352803950301445,
    "の": 0.0055116278749339775,
    "もの": 0.0055116278749339775,
    "一": 0.004837705298751,
    "こと": 0.004636555124682175
}