{
    "棟": 0.04907476560445953,
    "真ん中": 0.041652270714597615,
    "段": 0.033291265580461714,
    "上る": 0.033291265580461714,
    "読む": 0.033291265580461714,
    "石": 0.033291265580461714,
    "部": 0.033291265580461714,
    "手入れ": 0.033291265580461714,
    "端": 0.033291265580461714,
    "部屋": 0.032147581345619035,
    "する": 0.02948880122346227,
    "方": 0.028369060678080878,
    "窓": 0.028369060678080878,
    "ある": 0.027997312910521203,
    "中央": 0.02776818047639841,
    "右": 0.02776818047639841,
    "休む": 0.02776818047639841,
    "寝室": 0.025083015402407687,
    "言う": 0.02241596100422988,
    "人間": 0.0222450953723351,
    "鍵": 0.0222450953723351,
    "馬車": 0.020467059106883227,
    "廊下": 0.020467059106883227,
    "ところ": 0.020236818891154727,
    "人": 0.01901429769816646,
    "帰る": 0.01778600542862655,
    "壁": 0.016722010268271793,
    "見える": 0.016722010268271793,
    "降る": 0.016645632790230857,
    "代金": 0.016645632790230857,
    "払う": 0.016645632790230857,
    "踏み": 0.016645632790230857,
    "越し": 0.016645632790230857,
    "建築": 0.016645632790230857,
    "技師": 0.016645632790230857,
    "用事": 0.016645632790230857,
    "うれしい": 0.016645632790230857,
    "にじみ出る": 0.016645632790230857,
    "熱烈だ": 0.016645632790230857,
    "握手": 0.016645632790230857,
    "夕方": 0.016645632790230857,
    "めっただ": 0.016645632790230857,
    "近づき": 0.016645632790230857,
    "光栄だ": 0.016645632790230857,
    "手短だ": 0.016645632790230857,
    "終わり": 0.016645632790230857,
    "唇": 0.016645632790230857,
    "そだ": 0.016645632790230857,
    "籠の中の鳥": 0.016645632790230857,
    "用心": 0.016645632790230857,
    "今夜": 0.016645632790230857,
    "狼藉": 0.016645632790230857,
    "働く": 0.016645632790230857,
    "叔母さん": 0.016645632790230857,
    "有効だ": 0.016645632790230857,
    "案内": 0.016645632790230857,
    "願う": 0.016645632790230857,
    "苔": 0.016645632790230857,
    "むす": 0.016645632790230857,
    "地": 0.016645632790230857,
    "翼": 0.016645632790230857,
    "のびる": 0.016645632790230857,
    "破れる": 0.016645632790230857,
    "板": 0.016645632790230857,
    "付ける": 0.016645632790230857,
    "へこむ": 0.016645632790230857,
    "廃墟": 0.016645632790230857,
    "体": 0.016645632790230857,
    "不足だ": 0.016645632790230857,
    "日よけ": 0.016645632790230857,
    "青い": 0.016645632790230857,
    "煙": 0.016645632790230857,
    "区": 0.016645632790230857,
    "見て取れる": 0.016645632790230857,
    "外れ": 0.016645632790230857,
    "足場": 0.016645632790230857,
    "くむ": 0.016645632790230857,
    "訪れる": 0.016645632790230857,
    "職人": 0.016645632790230857,
    "行き届く": 0.016645632790230857,
    "外側": 0.016645632790230857,
    "母屋": 0.016645632790230857,
    "近い": 0.016645632790230857,
    "改修": 0.016645632790230857,
    "追い出す": 0.016645632790230857,
    "口実": 0.016645632790230857,
    "いわく": 0.016645632790230857,
    "げす": 0.016645632790230857,
    "面する": 0.016645632790230857,
    "狭い": 0.016645632790230857,
    "通り抜け": 0.016645632790230857,
    "忍び込む": 0.016645632790230857,
    "閉め": 0.016645632790230857,
    "我々": 0.015783500023997817,
    "かける": 0.015783500023997817,
    "ストーナ": 0.014943974002819918,
    "先": 0.014943974002819918,
    "できる": 0.014943974002819918,
    "わたくし": 0.014943974002819918,
    "ホームズ": 0.014744400611731136,
    "こと": 0.014131333348134916,
    "角": 0.013884090238199205,
    "約束": 0.013884090238199205,
    "駆け寄る": 0.013884090238199205,
    "挨拶": 0.013884090238199205,
    "申し上げる": 0.013884090238199205,
    "張り上げる": 0.013884090238199205,
    "先生": 0.013884090238199205,
    "真っ青だ": 0.013884090238199205,
    "追う": 0.013884090238199205,
    "彼": 0.013884090238199205,
    "近づける": 0.013884090238199205,
    "送る": 0.013884090238199205,
    "差し上げる": 0.013884090238199205,
    "建物": 0.013884090238199205,
    "灰色": 0.013884090238199205,
    "左右": 0.013884090238199205,
    "屋根": 0.013884090238199205,
    "新しい": 0.013884090238199205,
    "住居": 0.013884090238199205,
    "崩れる": 0.013884090238199205,
    "直す": 0.013884090238199205,
    "細い": 0.013884090238199205,
    "向く": 0.013884090238199205,
    "ロイロット": 0.013491212594103151,
    "博士": 0.012853422094712422,
    "見る": 0.012853422094712422,
    "返す": 0.012268691401114883,
    "相違": 0.012268691401114883,
    "ロンドン": 0.012268691401114883,
    "事": 0.012268691401114883,
    "嬢": 0.012268691401114883,
    "向こう": 0.012268691401114883,
    "ハロウ": 0.012268691401114883,
    "時間": 0.012268691401114883,
    "状": 0.012268691401114883,
    "打つ": 0.012268691401114883,
    "煙突": 0.012268691401114883,
    "姿": 0.012268691401114883,
    "大急ぎだ": 0.012268691401114883,
    "必要だ": 0.012268691401114883,
    "反対": 0.012268691401114883,
    "ない": 0.012262920324563243,
    "なる": 0.01119892516420848,
    "もの": 0.01119892516420848,
    "レザヘッド": 0.01112254768616755,
    "いい": 0.01112254768616755,
    "今朝": 0.01112254768616755,
    "うち": 0.01112254768616755,
    "自分": 0.01112254768616755,
    "閉める": 0.01112254768616755,
    "高い": 0.01112254768616755,
    "歩く": 0.01112254768616755,
    "回る": 0.01112254768616755,
    "通り": 0.01112254768616755,
    "小さい": 0.01112254768616755,
    "引く": 0.010233529553441614,
    "依頼": 0.010233529553441614,
    "いただく": 0.010233529553441614,
    "起こる": 0.010233529553441614,
    "説明": 0.010233529553441614,
    "芝地": 0.010233529553441614,
    "来る": 0.00950714884908323,
    "顔": 0.00950714884908323,
    "待つ": 0.00950714884908323,
    "あと": 0.00950714884908323,
    "ほど": 0.00950714884908323,
    "鎧戸": 0.00950714884908323,
    "立つ": 0.008893002714313276,
    "参る": 0.008893002714313276,
    "使う": 0.008893002714313276,
    "あなた": 0.008893002714313276,
    "声": 0.008361005134135896,
    "聞く": 0.008361005134135896,
    "調べる": 0.008361005134135896,
    "夜": 0.008361005134135896,
    "つける": 0.007891750011998908,
    "三": 0.007891750011998908,
    "今": 0.007471987001409959,
    "出る": 0.007092265169520219,
    "思う": 0.0067456062970515755,
    "とき": 0.006131460162281621,
    "姉": 0.006131460162281621,
    "中": 0.006131460162281621,
    "の": 0.00559946258210424,
    "一": 0.004914800203910379
}