{
    "事件": 0.04122274138455216,
    "する": 0.039651905930834085,
    "ホームズ": 0.035246138605185856,
    "私": 0.03349051316703392,
    "人": 0.0255674395834274,
    "朝": 0.024892190355628573,
    "依頼": 0.02293407069565933,
    "お礼": 0.02238243123400685,
    "早い": 0.021996011011998825,
    "僕": 0.021223170567982782,
    "わたくし": 0.020094307900220355,
    "こと": 0.01900159644847427,
    "不思議だ": 0.01866914276672143,
    "シャー": 0.018347256556527466,
    "ロック": 0.018347256556527466,
    "ある": 0.017568313851352057,
    "なる": 0.017568313851352057,
    "友人": 0.017044959722284935,
    "ない": 0.016489248222135933,
    "目": 0.015117385540713797,
    "もの": 0.015058554729730333,
    "致す": 0.014990087776200785,
    "婦人": 0.014955854299436008,
    "今朝": 0.014955854299436008,
    "自由だ": 0.014921620822671233,
    "七": 0.014921620822671233,
    "ハドソン": 0.014921620822671233,
    "たたき起こす": 0.014921620822671233,
    "友": 0.014921620822671233,
    "いらっしゃる": 0.014921620822671233,
    "着く": 0.014921620822671233,
    "乗る": 0.014921620822671233,
    "泥": 0.014921620822671233,
    "かける": 0.014148780378655187,
    "よい": 0.0137604424173956,
    "言う": 0.01339620526681357,
    "ワトソン": 0.0127837197917137,
    "顔": 0.0127837197917137,
    "いう": 0.012715418268211251,
    "調査": 0.012446095177814287,
    "かかわる": 0.012446095177814287,
    "約束": 0.012446095177814287,
    "気の毒だ": 0.012446095177814287,
    "若い": 0.012446095177814287,
    "女性": 0.012446095177814287,
    "左": 0.012446095177814287,
    "二輪": 0.012446095177814287,
    "思い出す": 0.012446095177814287,
    "助ける": 0.012446095177814287,
    "ところ": 0.012093908432571038,
    "ひと": 0.011957912578353387,
    "つく": 0.011957912578353387,
    "考える": 0.01124256583215059,
    "声": 0.01124256583215059,
    "眠る": 0.010998005505999412,
    "暖炉": 0.010998005505999412,
    "居間": 0.010998005505999412,
    "服": 0.010998005505999412,
    "ふるえる": 0.010998005505999412,
    "駅": 0.010998005505999412,
    "できる": 0.010047153950110178,
    "の": 0.010039036486486888,
    "深い": 0.009970569532957338,
    "火": 0.009970569532957338,
    "ございます": 0.009970569532957338,
    "話": 0.009536563701158438,
    "金": 0.009173628278263733,
    "君": 0.009173628278263733,
    "わかる": 0.009173628278263733,
    "馬車": 0.009173628278263733,
    "いただく": 0.009173628278263733,
    "あと": 0.008522479861142468,
    "死": 0.008522479861142468,
    "込む": 0.008522479861142468,
    "ほど": 0.008522479861142468,
    "身": 0.008522479861142468,
    "くださる": 0.008522479861142468,
    "立つ": 0.007971941718902259,
    "同じだ": 0.007971941718902259,
    "あいだ": 0.007971941718902259,
    "覚え書き": 0.007460810411335617,
    "七〇": 0.007460810411335617,
    "通ずる": 0.007460810411335617,
    "手際": 0.007460810411335617,
    "喜劇": 0.007460810411335617,
    "大半": 0.007460810411335617,
    "変哲": 0.007460810411335617,
    "一蹴": 0.007460810411335617,
    "途方": 0.007460810411335617,
    "様々だ": 0.007460810411335617,
    "奇怪だ": 0.007460810411335617,
    "きわまる": 0.007460810411335617,
    "他": 0.007460810411335617,
    "有名だ": 0.007460810411335617,
    "くだん": 0.007460810411335617,
    "ベイカ": 0.007460810411335617,
    "街": 0.007460810411335617,
    "下宿": 0.007460810411335617,
    "共用": 0.007460810411335617,
    "公表": 0.007460810411335617,
    "口外": 0.007460810411335617,
    "先日": 0.007460810411335617,
    "白日": 0.007460810411335617,
    "さらす": 0.007460810411335617,
    "理由": 0.007460810411335617,
    "風聞": 0.007460810411335617,
    "真実だ": 0.007460810411335617,
    "しく": 0.007460810411335617,
    "ねじ曲げる": 0.007460810411335617,
    "八三": 0.007460810411335617,
    "初め": 0.007460810411335617,
    "身支度": 0.007460810411335617,
    "調える": 0.007460810411335617,
    "枕元": 0.007460810411335617,
    "普段": 0.007460810411335617,
    "置き": 0.007460810411335617,
    "一五": 0.007460810411335617,
    "ぱち": 0.007460810411335617,
    "くり": 0.007460810411335617,
    "機嫌": 0.007460810411335617,
    "具合": 0.007460810411335617,
    "やってくる": 0.007460810411335617,
    "僕は君": 0.007460810411335617,
    "火事": 0.007460810411335617,
    "年": 0.007460810411335617,
    "興奮": 0.007460810411335617,
    "面会": 0.007460810411335617,
    "都会": 0.007460810411335617,
    "ほる": 0.007460810411335617,
    "差し迫る": 0.007460810411335617,
    "本当だ": 0.007460810411335617,
    "逃す": 0.007460810411335617,
    "立ち会う": 0.007460810411335617,
    "楽しみ": 0.007460810411335617,
    "迅速だ": 0.007460810411335617,
    "当てずっぽうだ": 0.007460810411335617,
    "論拠": 0.007460810411335617,
    "のち": 0.007460810411335617,
    "厚い": 0.007460810411335617,
    "夫人": 0.007460810411335617,
    "窓際": 0.007460810411335617,
    "朗らかだ": 0.007460810411335617,
    "助手": 0.007460810411335617,
    "おっと": 0.007460810411335617,
    "熱い": 0.007460810411335617,
    "コーヒー": 0.007460810411335617,
    "こわい": 0.007460810411335617,
    "おそろしい": 0.007460810411335617,
    "あげる": 0.007460810411335617,
    "きる": 0.007460810411335617,
    "やつれる": 0.007460810411335617,
    "血の気": 0.007460810411335617,
    "およぐ": 0.007460810411335617,
    "狙う": 0.007460810411335617,
    "獲物": 0.007460810411335617,
    "顔つき": 0.007460810411335617,
    "体つき": 0.007460810411335617,
    "三十": 0.007460810411335617,
    "まじる": 0.007460810411335617,
    "憔悴": 0.007460810411335617,
    "見てとれる": 0.007460810411335617,
    "やさしい": 0.007460810411335617,
    "乗り出す": 0.007460810411335617,
    "解決": 0.007460810411335617,
    "手袋": 0.007460810411335617,
    "復路": 0.007460810411335617,
    "切符": 0.007460810411335617,
    "出立": 0.007460810411335617,
    "ぬかるむ": 0.007460810411335617,
    "ほほえむ": 0.007460810411335617,
    "上着": 0.007460810411335617,
    "左袖": 0.007460810411335617,
    "跳ね": 0.007460810411335617,
    "揚げる": 0.007460810411335617,
    "乗り物": 0.007460810411335617,
    "おっしゃる": 0.007460810411335617,
    "六": 0.007460810411335617,
    "二〇": 0.007460810411335617,
    "始発": 0.007460810411335617,
    "耐える": 0.007460810411335617,
    "おかしい": 0.007460810411335617,
    "頼れる": 0.007460810411335617,
    "心配": 0.007460810411335617,
    "ファリントッシュ": 0.007460810411335617,
    "うかがう": 0.007460810411335617,
    "住所": 0.007460810411335617,
    "取り巻く": 0.007460810411335617,
    "十分だ": 0.007460810411335617,
    "相応だ": 0.007460810411335617,
    "錠": 0.007460810411335617,
    "取り出す": 0.007460810411335617,
    "簿": 0.007460810411335617,
    "めくる": 0.007460810411335617,
    "ファリン": 0.007460810411335617,
    "トッシュ": 0.007460810411335617,
    "オパール": 0.007460810411335617,
    "髪飾": 0.007460810411335617,
    "知り合う": 0.007460810411335617,
    "断言": 0.007460810411335617,
    "最大だ": 0.007460810411335617,
    "限": 0.007460810411335617,
    "助力": 0.007460810411335617,
    "報酬": 0.007460810411335617,
    "支払う": 0.007460810411335617,
    "つける": 0.007074390189327593,
    "ため": 0.006698102633406785,
    "椅子": 0.006698102633406785,
    "今": 0.006698102633406785,
    "方": 0.0063577091341056255,
    "八": 0.006223047588907143,
    "多く": 0.006223047588907143,
    "悲劇": 0.006223047588907143,
    "普通だ": 0.006223047588907143,
    "好きだ": 0.006223047588907143,
    "得る": 0.006223047588907143,
    "付き合う": 0.006223047588907143,
    "頃": 0.006223047588907143,
    "交わす": 0.006223047588907143,
    "迎える": 0.006223047588907143,
    "覚ます": 0.006223047588907143,
    "遅い": 0.006223047588907143,
    "時計": 0.006223047588907143,
    "何ごと": 0.006223047588907143,
    "向く": 0.006223047588907143,
    "起きる": 0.006223047588907143,
    "事情": 0.006223047588907143,
    "面白い": 0.006223047588907143,
    "決める": 0.006223047588907143,
    "驚く": 0.006223047588907143,
    "思える": 0.006223047588907143,
    "問題": 0.006223047588907143,
    "解き明かす": 0.006223047588907143,
    "挨拶": 0.006223047588907143,
    "同様だ": 0.006223047588907143,
    "利く": 0.006223047588907143,
    "いかがだ": 0.006223047588907143,
    "寒い": 0.006223047588907143,
    "動揺": 0.006223047588907143,
    "向ける": 0.006223047588907143,
    "差し上げる": 0.006223047588907143,
    "通る": 0.006223047588907143,
    "限る": 0.006223047588907143,
    "ウォータルー": 0.006223047588907143,
    "なれる": 0.006223047588907143,
    "金額": 0.006223047588907143,
    "任せる": 0.006223047588907143,