{
    "老": 0.03083434561142395,
    "わし": 0.03083434561142395,
    "する": 0.025036463769366336,
    "ホームズ": 0.022760421608514853,
    "医師": 0.022726505842655613,
    "棒": 0.022726505842655613,
    "火": 0.020603390916812212,
    "こと": 0.01963264577702139,
    "笑う": 0.01928915119808856,
    "掻き": 0.01928915119808856,
    "つける": 0.0182733325923591,
    "ある": 0.01815176338885083,
    "人": 0.017611028495349748,
    "友人": 0.017611028495349748,
    "黒い": 0.017044879381991708,
    "返す": 0.017044879381991708,
    "暖炉": 0.017044879381991708,
    "娘": 0.017044879381991708,
    "いう": 0.016422126914663975,
    "思う": 0.015619438935054847,
    "婦人": 0.01545254318760916,
    "力": 0.01545254318760916,
    "知る": 0.01545254318760916,
    "とる": 0.01545254318760916,
    "手首": 0.015417172805711974,
    "今日": 0.015417172805711974,
    "朝食": 0.015417172805711974,
    "悲惨だ": 0.015417172805711974,
    "死に際": 0.015417172805711974,
    "謎": 0.015417172805711974,
    "しゃべる": 0.015417172805711974,
    "役人": 0.015417172805711974,
    "僕": 0.014618666073887277,
    "ふた": 0.014217431279965932,
    "顔": 0.01320827137151231,
    "長い": 0.01320827137151231,
    "ワトソン": 0.01320827137151231,
    "行く": 0.01320827137151231,
    "出る": 0.013137701531731182,
    "の": 0.012965545277750594,
    "なる": 0.012965545277750594,
    "何": 0.012965545277750594,
    "取る": 0.012859434132059042,
    "いかがだ": 0.012859434132059042,
    "存じる": 0.012859434132059042,
    "先生": 0.012859434132059042,
    "暗い": 0.012859434132059042,
    "入り口": 0.012859434132059042,
    "寒い": 0.012859434132059042,
    "屋": 0.012859434132059042,
    "上げる": 0.012859434132059042,
    "手": 0.012495551148043876,
    "ストーク": 0.012355038826342982,
    "モラン": 0.012355038826342982,
    "ひと": 0.012355038826342982,
    "出す": 0.012355038826342982,
    "ロンドン": 0.011363252921327806,
    "男": 0.011363252921327806,
    "振る": 0.011363252921327806,
    "ない": 0.011357907754484774,
    "言う": 0.01038082326948653,
    "元": 0.010301695458406106,
    "高い": 0.010301695458406106,
    "いい": 0.010301695458406106,
    "依頼": 0.009478287519977289,
    "静かだ": 0.009478287519977289,
    "ロマ": 0.009478287519977289,
    "説明": 0.009478287519977289,
    "よい": 0.009478287519977289,
    "鞭": 0.009478287519977289,
    "開く": 0.008805514247674874,
    "待つ": 0.008805514247674874,
    "言葉": 0.008805514247674874,
    "風": 0.008805514247674874,
    "来る": 0.008805514247674874,
    "あと": 0.008805514247674874,
    "前": 0.008236692550895323,
    "参る": 0.008236692550895323,
    "帰る": 0.008236692550895323,
    "口笛": 0.007743956784753173,
    "考える": 0.007743956784753173,
    "聞く": 0.007743956784753173,
    "穴": 0.007743956784753173,
    "代わり": 0.007708586402855987,
    "レース": 0.007708586402855987,
    "袖口": 0.007708586402855987,
    "つまむ": 0.007708586402855987,
    "五本": 0.007708586402855987,
    "扱い": 0.007708586402855987,
    "赤らめる": 0.007708586402855987,
    "痣": 0.007708586402855987,
    "加減": 0.007708586402855987,
    "沈黙": 0.007708586402855987,
    "乗せる": 0.007708586402855987,
    "燃えさかる": 0.007708586402855987,
    "山": 0.007708586402855987,
    "一刻": 0.007708586402855987,
    "猶予": 0.007708586402855987,
    "出向く": 0.007708586402855987,
    "大事だ": 0.007708586402855987,
    "日中": 0.007708586402855987,
    "留守": 0.007708586402855987,
    "耄碌": 0.007708586402855987,
    "お婆": 0.007708586402855987,
    "訳ない": 0.007708586402855987,
    "好都合だ": 0.007708586402855987,
    "出かける": 0.007708586402855987,
    "異存": 0.007708586402855987,
    "異議": 0.007708586402855987,
    "済ませる": 0.007708586402855987,
    "来訪": 0.007708586402855987,
    "間に合う": 0.007708586402855987,
    "昼": 0.007708586402855987,
    "伺う": 0.007708586402855987,
    "片づける": 0.007708586402855987,
    "悩み": 0.007708586402855987,
    "打ち明ける": 0.007708586402855987,
    "午後": 0.007708586402855987,
    "お目にかかる": 0.007708586402855987,
    "退室": 0.007708586402855987,
    "もつ": 0.007708586402855987,
    "異常だ": 0.007708586402855987,
    "不可解だ": 0.007708586402855987,
    "もたらす": 0.007708586402855987,
    "親密だ": 0.007708586402855987,
    "存在": 0.007708586402855987,
    "得だ": 0.007708586402855987,
    "もっともだ": 0.007708586402855987,
    "価値": 0.007708586402855987,
    "致命": 0.007708586402855987,
    "可能だ": 0.007708586402855987,
    "確かめる": 0.007708586402855987,
    "立ちはだかる": 0.007708586402855987,
    "服装": 0.007708586402855987,
    "学者": 0.007708586402855987,
    "農園": 0.007708586402855987,
    "主": 0.007708586402855987,
    "変だ": 0.007708586402855987,
    "混ざる": 0.007708586402855987,
    "トップ": 0.007708586402855987,
    "ハット": 0.007708586402855987,
    "フロック": 0.007708586402855987,
    "コート": 0.007708586402855987,
    "ゲートル": 0.007708586402855987,
    "格好だ": 0.007708586402855987,
    "狩猟": 0.007708586402855987,
    "鴨居": 0.007708586402855987,
    "すれすれだ": 0.007708586402855987,
    "幅": 0.007708586402855987,
    "ぎりぎりだ": 0.007708586402855987,
    "皺": 0.007708586402855987,
    "焼ける": 0.007708586402855987,
    "鬼": 0.007708586402855987,
    "形相": 0.007708586402855987,
    "くぼむ": 0.007708586402855987,
    "眼": 0.007708586402855987,
    "肉": 0.007708586402855987,
    "薄い": 0.007708586402855987,
    "鼻": 0.007708586402855987,
    "凶暴だ": 0.007708586402855987,
    "猛禽": 0.007708586402855987,
    "名乗る": 0.007708586402855987,
    "問う": 0.007708586402855987,
    "おだやかだ": 0.007708586402855987,
    "切る": 0.007708586402855987,
    "断り": 0.007708586402855987,
    "お前": 0.007708586402855987,
    "今年": 0.007708586402855987,
    "たち": 0.007708586402855987,
    "烈火": 0.007708586402855987,
    "麦": 0.007708586402855987,
    "出来": 0.007708586402855987,
    "動じる": 0.007708586402855987,
    "はぐらかす": 0.007708586402855987,
    "おう": 0.007708586402855987,
    "闖入者": 0.007708586402855987,
    "踏みだす": 0.007708586402855987,
    "ふるわす": 0.007708586402855987,
    "クソガキ": 0.007708586402855987,
    "貴い": 0.007708586402855987,
    "職": 0.007708586402855987,
    "お節介だ": 0.007708586402855987,
    "こり": 0.007708586402855987,
    "ば": 0.007708586402855987,
    "り": 0.007708586402855987,
    "満面": 0.007708586402855987,
    "笑み": 0.007708586402855987,
    "浮かべる": 0.007708586402855987,
    "スコットランド": 0.007708586402855987,
    "ヤード": 0.007708586402855987,
    "子": 0.007708586402855987,
    "冗談": 0.007708586402855987,
    "傑作だ": 0.007708586402855987,
    "際": 0.007708586402855987,
    "戸締まり": 0.007708586402855987,
    "すきま": 0.007708586402855987,
    "用": 0.007708586402855987,
    "済む": 0.007708586402855987,
    "つっこむ": 0.007708586402855987,
    "後悔": 0.007708586402855987,
    "折り曲げる": 0.007708586402855987,
    "こる": 0.007708586402855987,
    "吠える": 0.007708586402855987,
    "曲がる": 0.007708586402855987,
    "放る": 0.007708586402855987,
    "大手": 0.007708586402855987,
    "愛嬌": 0.007708586402855987,
    "弱い": 0.007708586402855987,
    "披露": 0.007708586402855987,
    "ぐい": 0.007708586402855987,
    "まっすぐだ": 0.007708586402855987,
    "仁": 0.007708586402855987,
    "警視": 0.007708586402855987,
    "庁": 0.007708586402855987,
    "混同": 0.007708586402855987,
    "暴挙": 0.007708586402855987,
    "出来事": 0.007708586402855987,
    "薬味": 0.007708586402855987,
    "獣": 0.007708586402855987,
    "会館": 0.007708586402855987,
    "資料": 0.007708586402855987,
    "私": 0.006920548846324354,
    "今": 0.006920548846324354,
    "ストーナ": 0.006920548846324354,
    "話": 0.006568850765865591,
    "返事": 0.006429717066029521,
    "折る": 0.006429717066029521,
    "五": 0.006429717066029521,
    "残す": 0.006429717066029521,
    "袖": 0.006429717066029521,
    "隠す": 0.006429717066029521,
    "両手": 0.006429717066029521,
    "事情": 0.006429717066029521,
    "決める": 0.006429717066029521,
    "知れる": 0.006429717066029521,
    "よう": 0.006429717066029521,
    "見せる": 0.006429717066029521,
    "大丈夫だ": 0.006429717066029521,
    "家政": 0.006429717066029521,
    "婦": 0.006429717066029521,
    "十二": 0.006429717066029521,
    "かまう": 0.006429717066029521,
    "軽い": 0.006429717066029521,
    "訊ねる": 0.006429717066029521,
    "遂げる": 0.006429717066029521,
    "間違い": 0.006429717066029521,
    "不思議だ": 0.006429717066029521,