{
    "父": 0.06677352892755738,
    "わたくし": 0.056103765647338884,
    "ただいま": 0.053564792696768525,
    "姉": 0.03946144873673556,
    "ございます": 0.03579178806702635,
    "許す": 0.03570986179784569,
    "暮らし": 0.03570986179784569,
    "婚約": 0.03570986179784569,
    "屋敷": 0.03293097330658776,
    "する": 0.031631150030295,
    "なる": 0.030031305728806933,
    "動物": 0.029785526921264963,
    "ジュリア": 0.029785526921264963,
    "寝室": 0.026905285752155256,
    "話す": 0.026320013176750735,
    "いう": 0.022822545609609935,
    "二": 0.022822545609609935,
    "恐ろしい": 0.02195398220439184,
    "一": 0.021087433353530003,
    "人": 0.020395678300170007,
    "こと": 0.020210624902460766,
    "ひと": 0.019078151122159253,
    "同じだ": 0.019078151122159253,
    "つく": 0.019078151122159253,
    "の": 0.018018783437284157,
    "先週": 0.017854930898922844,
    "鍛冶": 0.017854930898922844,
    "橋": 0.017854930898922844,
    "欄干": 0.017854930898922844,
    "川": 0.017854930898922844,
    "突き落とす": 0.017854930898922844,
    "訴える": 0.017854930898922844,
    "かき集める": 0.017854930898922844,
    "勘弁": 0.017854930898922844,
    "友だち": 0.017854930898922844,
    "漂泊": 0.017854930898922844,
    "一団": 0.017854930898922844,
    "茨": 0.017854930898922844,
    "茂る": 0.017854930898922844,
    "野宿": 0.017854930898922844,
    "交換": 0.017854930898922844,
    "条件": 0.017854930898922844,
    "寝泊まり": 0.017854930898922844,
    "同行": 0.017854930898922844,
    "処々": 0.017854930898922844,
    "方々": 0.017854930898922844,
    "産": 0.017854930898922844,
    "買い入れる": 0.017854930898922844,
    "放し飼い": 0.017854930898922844,
    "かわいそうだ": 0.017854930898922844,
    "楽しい": 0.017854930898922844,
    "召使い": 0.017854930898922844,
    "看る": 0.017854930898922844,
    "享年": 0.017854930898922844,
    "三〇": 0.017854930898922844,
    "白髪": 0.017854930898922844,
    "亡くなり": 0.017854930898922844,
    "想像": 0.017854930898922844,
    "世代": 0.017854930898922844,
    "付き合い": 0.017854930898922844,
    "難しい": 0.017854930898922844,
    "妹": 0.017854930898922844,
    "当たる": 0.017854930898922844,
    "ホノーリア": 0.017854930898922844,
    "ウェスト": 0.017854930898922844,
    "ファイル": 0.017854930898922844,
    "訪ねる": 0.017854930898922844,
    "クリスマス": 0.017854930898922844,
    "休職": 0.017854930898922844,
    "海軍": 0.017854930898922844,
    "少佐": 0.017854930898922844,
    "運び": 0.017854930898922844,
    "文句": 0.017854930898922844,
    "日取り": 0.017854930898922844,
    "たつ": 0.017854930898922844,
    "押しつける": 0.017854930898922844,
    "細目": 0.017854930898922844,
    "願": 0.017854930898922844,
    "わく": 0.017854930898922844,
    "記憶": 0.017854930898922844,
    "焼き付く": 0.017854930898922844,
    "申しあげる": 0.017854930898922844,
    "中程": 0.017854930898922844,
    "次": 0.017854930898922844,
    "行き来": 0.017854930898922844,
    "今": 0.016029647327811113,
    "話": 0.015215030406406626,
    "方": 0.015215030406406626,
    "屋": 0.014892763460632482,
    "地所": 0.014892763460632482,
    "土地": 0.014892763460632482,
    "好きだ": 0.014892763460632482,
    "現地": 0.014892763460632482,
    "村人": 0.014892763460632482,
    "怖い": 0.014892763460632482,
    "姉妹": 0.014892763460632482,
    "髪": 0.014892763460632482,
    "存じる": 0.014892763460632482,
    "身分": 0.014892763460632482,
    "母": 0.014892763460632482,
    "叔母": 0.014892763460632482,
    "近く": 0.014892763460632482,
    "出会う": 0.014892763460632482,
    "式": 0.014892763460632482,
    "失う": 0.014892763460632482,
    "閉じる": 0.014892763460632482,
    "詳しい": 0.014892763460632482,
    "隅々": 0.014892763460632482,
    "入り口": 0.014892763460632482,
    "並ぶ": 0.014892763460632482,
    "問題": 0.014892763460632482,
    "ロイロット": 0.014471343423589278,
    "目": 0.014471343423589278,
    "時": 0.013160006588375368,
    "原因": 0.013160006588375368,
    "存ずる": 0.013160006588375368,
    "間": 0.013160006588375368,
    "ハロウ": 0.013160006588375368,
    "住む": 0.013160006588375368,
    "背": 0.013160006588375368,
    "棟": 0.013160006588375368,
    "居間": 0.013160006588375368,
    "残る": 0.011930596022342116,
    "よる": 0.011930596022342116,
    "回る": 0.011930596022342116,
    "豹": 0.011930596022342116,
    "ヒヒ": 0.011930596022342116,
    "まいる": 0.011930596022342116,
    "知る": 0.011930596022342116,
    "開ける": 0.011930596022342116,
    "古い": 0.011930596022342116,
    "よろしい": 0.011930596022342116,
    "金": 0.01097699110219592,
    "いただく": 0.01097699110219592,
    "ロマ": 0.01097699110219592,
    "数": 0.01097699110219592,
    "よい": 0.01097699110219592,
    "インド": 0.01097699110219592,
    "わかる": 0.01097699110219592,
    "家": 0.01097699110219592,
    "シャー": 0.01097699110219592,
    "ロック": 0.01097699110219592,
    "依頼": 0.01097699110219592,
    "隣": 0.01097699110219592,
    "廊下": 0.01097699110219592,
    "説明": 0.01097699110219592,
    "村": 0.010197839150085004,
    "ほど": 0.010197839150085004,
    "おる": 0.010197839150085004,
    "長い": 0.010197839150085004,
    "死": 0.010197839150085004,
    "出す": 0.009539075561079626,
    "参る": 0.009539075561079626,
    "申す": 0.009539075561079626,
    "使う": 0.009539075561079626,
    "事件": 0.008968428584051754,
    "頭": 0.008968428584051754,
    "致す": 0.008968428584051754,
    "言う": 0.008014823663905556,
    "ため": 0.008014823663905556,
    "椅子": 0.008014823663905556,
    "できる": 0.008014823663905556,
    "出る": 0.007607515203203313,
    "手": 0.007235671711794639,
    "見る": 0.006893608858488928,
    "中": 0.006576908122789261,
    "とき": 0.006576908122789261,
    "何": 0.006006261145761387,
    "もの": 0.006006261145761387,
    "ある": 0.006006261145761387,
    "部屋": 0.005747181565349272,
    "ホームズ": 0.005271858338382501
}