{
    "誤る": 0.05829842553973877,
    "危険だ": 0.0429689517443698,
    "蛇": 0.0429689517443698,
    "する": 0.04016420445707226,
    "綱": 0.03895478329155425,
    "伝う": 0.038865617026492515,
    "寝台": 0.03685263726533444,
    "こと": 0.03299502018959873,
    "点": 0.03241773627709768,
    "話す": 0.028645967829579868,
    "姿": 0.028645967829579868,
    "いる": 0.02763947794900083,
    "僕": 0.02763947794900083,
    "婦人": 0.025969855527702836,
    "いい": 0.025969855527702836,
    "いう": 0.024839421733249885,
    "博士": 0.022508434505391754,
    "死": 0.02219808708018503,
    "通風": 0.02219808708018503,
    "使う": 0.02076412726783844,
    "ある": 0.019611141043369737,
    "何": 0.019611141043369737,
    "なる": 0.019611141043369737,
    "考える": 0.019521974778308,
    "以上": 0.019432808513246257,
    "真相": 0.019432808513246257,
    "簡単だ": 0.019432808513246257,
    "早朝": 0.019432808513246257,
    "善良だ": 0.019432808513246257,
    "送り届ける": 0.019432808513246257,
    "取り扱い": 0.019432808513246257,
    "結論づける": 0.019432808513246257,
    "腑に落ちる": 0.019432808513246257,
    "翌日": 0.019432808513246257,
    "車中": 0.019432808513246257,
    "推定": 0.019432808513246257,
    "下す": 0.019432808513246257,
    "不十分だ": 0.019432808513246257,
    "データ": 0.019432808513246257,
    "一例": 0.019432808513246257,
    "哀れだ": 0.019432808513246257,
    "口走る": 0.019432808513246257,
    "表す": 0.019432808513246257,
    "追いやる": 0.019432808513246257,
    "幸いだ": 0.019432808513246257,
    "直せる": 0.019432808513246257,
    "おびやかす": 0.019432808513246257,
    "注意": 0.019432808513246257,
    "橋渡し": 0.019432808513246257,
    "浮かぶ": 0.019432808513246257,
    "よぎる": 0.019432808513246257,
    "取り寄せる": 0.019432808513246257,
    "信憑性": 0.019432808513246257,
    "毒物": 0.019432808513246257,
    "試験": 0.019432808513246257,
    "検出": 0.019432808513246257,
    "東方": 0.019432808513246257,
    "悪知恵": 0.019432808513246257,
    "即効": 0.019432808513246257,
    "毒牙": 0.019432808513246257,
    "食い込む": 0.019432808513246257,
    "傷": 0.019432808513246257,
    "かぎり": 0.019432808513246257,
    "当然だ": 0.019432808513246257,
    "ばれる": 0.019432808513246257,
    "いけない": 0.019432808513246257,
    "呼び戻す": 0.019432808513246257,
    "訓練": 0.019432808513246257,
    "頃合い": 0.019432808513246257,
    "見計らう": 0.019432808513246257,
    "下りる": 0.019432808513246257,
    "犠牲": 0.019432808513246257,
    "ため": 0.017446220812594417,
    "口": 0.016559614488833255,
    "その後": 0.01620886813854884,
    "悲劇": 0.01620886813854884,
    "告げる": 0.01620886813854884,
    "叔母": 0.01620886813854884,
    "ペット": 0.01620886813854884,
    "事故": 0.01620886813854884,
    "帰り": 0.01620886813854884,
    "行う": 0.01620886813854884,
    "人物": 0.01620886813854884,
    "垂れ下がる": 0.01620886813854884,
    "向ける": 0.01620886813854884,
    "固定": 0.01620886813854884,
    "動物": 0.01620886813854884,
    "合わせる": 0.01620886813854884,
    "毒": 0.01620886813854884,
    "利く": 0.01620886813854884,
    "見逃す": 0.01620886813854884,
    "朝": 0.01620886813854884,
    "毒蛇": 0.01620886813854884,
    "噛む": 0.01620886813854884,
    "限る": 0.01620886813854884,
    "避ける": 0.01620886813854884,
    "遅い": 0.01620886813854884,
    "ふるえる": 0.014322983914789934,
    "ハロウ": 0.014322983914789934,
    "警察": 0.014322983914789934,
    "調べ": 0.014322983914789934,
    "時間": 0.014322983914789934,
    "かかる": 0.014322983914789934,
    "教える": 0.014322983914789934,
    "はじめ": 0.014322983914789934,
    "推理": 0.014322983914789934,
    "方向": 0.014322983914789934,
    "とおり": 0.014322983914789934,
    "飾り": 0.014322983914789934,
    "仕事": 0.014322983914789934,
    "男": 0.014322983914789934,
    "黒い": 0.014322983914789934,
    "検視": 0.014322983914789934,
    "官": 0.014322983914789934,
    "牛乳": 0.014322983914789934,
    "向かう": 0.014322983914789934,
    "毎晩": 0.014322983914789934,
    "うまい": 0.014322983914789934,
    "早い": 0.014322983914789934,
    "違いない": 0.014322983914789934,
    "もの": 0.013074094028913156,
    "汽車": 0.012984927763851418,
    "元": 0.012984927763851418,
    "擦る": 0.012984927763851418,
    "言える": 0.012984927763851418,
    "扉": 0.012984927763851418,
    "知る": 0.012984927763851418,
    "考え": 0.012984927763851418,
    "残る": 0.012984927763851418,
    "相手": 0.012984927763851418,
    "呼ぶ": 0.012984927763851418,
    "ロマ": 0.011947050780994629,
    "マッチ": 0.011947050780994629,
    "インド": 0.011947050780994629,
    "ふた": 0.011947050780994629,
    "一": 0.01147548698773493,
    "長い": 0.011099043540092515,
    "ひも": 0.011099043540092515,
    "言葉": 0.011099043540092515,
    "床": 0.011099043540092515,
    "戻る": 0.011099043540092515,
    "ストーク": 0.01038206363391922,
    "モラン": 0.01038206363391922,
    "グリムズビ": 0.01038206363391922,
    "前": 0.01038206363391922,
    "あいだ": 0.01038206363391922,
    "穴": 0.009760987389154,
    "頭": 0.009760987389154,
    "口笛": 0.009760987389154,
    "我々": 0.00921315931633361,
    "私": 0.008723110406297209,
    "入る": 0.008723110406297209,
    "上": 0.008723110406297209,
    "言う": 0.008723110406297209,
    "話": 0.008279807244416628,
    "窓": 0.008279807244416628,
    "出る": 0.008279807244416628,
    "ロイロット": 0.007875103165395095,
    "ところ": 0.007875103165395095,
    "目": 0.007875103165395095,
    "見る": 0.007502811501797251,
    "とき": 0.007158123259221799,
    "の": 0.006537047014456578,
    "部屋": 0.006255072029263858,
    "ホームズ": 0.005737743493867465
}