{
    "アーミティッジ": 0.09641662685418335,
    "わたくし": 0.07213341297515,
    "恐ろしい": 0.05927575195185797,
    "姉": 0.047353738484082676,
    "こと": 0.03637912482442938,
    "海": 0.03213887561806112,
    "先頃": 0.03213887561806112,
    "さみしい": 0.03213887561806112,
    "長年": 0.03213887561806112,
    "おかげ": 0.03213887561806112,
    "申し込む": 0.03213887561806112,
    "パーシィ": 0.03213887561806112,
    "次男": 0.03213887561806112,
    "レディング": 0.03213887561806112,
    "クレイン": 0.03213887561806112,
    "ウォータ": 0.03213887561806112,
    "住み": 0.03213887561806112,
    "挙げる": 0.03213887561806112,
    "予定": 0.03213887561806112,
    "昨日": 0.03213887561806112,
    "西棟": 0.03213887561806112,
    "修理": 0.03213887561806112,
    "始まる": 0.03213887561806112,
    "やむ": 0.03213887561806112,
    "昨夜": 0.03213887561806112,
    "先触れ": 0.03213887561806112,
    "飛び起きる": 0.03213887561806112,
    "見あたる": 0.03213887561806112,
    "着替える": 0.03213887561806112,
    "夜明け": 0.03213887561806112,
    "抜け出す": 0.03213887561806112,
    "向かい": 0.03213887561806112,
    "旅館": 0.03213887561806112,
    "駆けつける": 0.03213887561806112,
    "助け": 0.03213887561806112,
    "寝台": 0.030474296200180405,
    "いう": 0.027387054731531926,
    "話": 0.027387054731531926,
    "暮らす": 0.026806974229138466,
    "現れる": 0.026806974229138466,
    "名前": 0.026806974229138466,
    "春": 0.026806974229138466,
    "式": 0.026806974229138466,
    "得る": 0.026806974229138466,
    "移る": 0.026806974229138466,
    "眠れる": 0.026806974229138466,
    "離れる": 0.026806974229138466,
    "静けさ": 0.026806974229138466,
    "イン": 0.026806974229138466,
    "二輪": 0.026806974229138466,
    "頼む": 0.026806974229138466,
    "賢明だ": 0.026806974229138466,
    "行動": 0.026806974229138466,
    "隠す": 0.026806974229138466,
    "首": 0.02368801185907566,
    "横": 0.02368801185907566,
    "振る": 0.02368801185907566,
    "向こう": 0.02368801185907566,
    "そば": 0.02368801185907566,
    "反対": 0.02368801185907566,
    "ふるえる": 0.02368801185907566,
    "クラウン": 0.02368801185907566,
    "駅": 0.02368801185907566,
    "お嬢さん": 0.02368801185907566,
    "なる": 0.02162254012474099,
    "深い": 0.021475072840215808,
    "まいる": 0.021475072840215808,
    "うち": 0.021475072840215808,
    "最期": 0.021475072840215808,
    "真夜": 0.021475072840215808,
    "レザヘッド": 0.021475072840215808,
    "今朝": 0.021475072840215808,
    "願い": 0.021475072840215808,
    "父親": 0.021475072840215808,
    "部屋": 0.02068985363525738,
    "よい": 0.019758583983952655,
    "結婚": 0.019758583983952655,
    "屋敷": 0.019758583983952655,
    "家": 0.019758583983952655,
    "馬車": 0.019758583983952655,
    "風": 0.01835611047015301,
    "くださる": 0.01835611047015301,
    "友人": 0.01835611047015301,
    "開く": 0.01835611047015301,
    "死": 0.01835611047015301,
    "ランプ": 0.01835611047015301,
    "戻る": 0.01835611047015301,
    "来る": 0.01835611047015301,
    "父": 0.017170336009943325,
    "亡くなる": 0.017170336009943325,
    "使う": 0.017170336009943325,
    "低い": 0.017170336009943325,
    "聞こえる": 0.017170336009943325,
    "参る": 0.017170336009943325,
    "事件": 0.016143171451293153,
    "致す": 0.016143171451293153,
    "寝室": 0.016143171451293153,
    "壁": 0.016143171451293153,
    "穴": 0.016143171451293153,
    "考える": 0.016143171451293153,
    "口笛": 0.016143171451293153,
    "分かる": 0.015237148100090202,
    "いる": 0.015237148100090202,
    "つける": 0.015237148100090202,
    "先": 0.014426682595029999,
    "二": 0.013693527365765963,
    "方": 0.013693527365765963,
    "中": 0.011838434621020669,
    "ある": 0.010811270062370495,
    "ホームズ": 0.0094893450090885,
    "一": 0.0094893450090885
}