{
    "吹く": 0.11241634354154839,
    "姉": 0.09929009682146367,
    "あなた": 0.0720046348804075,
    "寝室": 0.0676971706021971,
    "口笛": 0.0676971706021971,
    "当夜": 0.06738796500561202,
    "吸う": 0.06738796500561202,
    "臭い": 0.06738796500561202,
    "婚礼": 0.06738796500561202,
    "立ち止まる": 0.06738796500561202,
    "振り返る": 0.06738796500561202,
    "当たり前だ": 0.06738796500561202,
    "わたくし": 0.060498991527545155,
    "庭": 0.056208171770774196,
    "下がる": 0.056208171770774196,
    "休む": 0.056208171770774196,
    "煙草": 0.056208171770774196,
    "悩む": 0.056208171770774196,
    "自室": 0.056208171770774196,
    "迫る": 0.056208171770774196,
    "十一": 0.056208171770774196,
    "戸口": 0.056208171770774196,
    "早い": 0.04966841196257799,
    "眠る": 0.04966841196257799,
    "よる": 0.045028378535936366,
    "きつい": 0.045028378535936366,
    "ヘレン": 0.045028378535936366,
    "真夜": 0.045028378535936366,
    "芝地": 0.041429288998610404,
    "インド": 0.041429288998610404,
    "ひどい": 0.041429288998610404,
    "隣": 0.041429288998610404,
    "誰": 0.041429288998610404,
    "上がる": 0.038488618727740176,
    "父": 0.03600231744020375,
    "参る": 0.03600231744020375,
    "帰る": 0.03600231744020375,
    "立つ": 0.03600231744020375,
    "申す": 0.03600231744020375,
    "見える": 0.03384858530109855,
    "事件": 0.03384858530109855,
    "聞く": 0.03384858530109855,
    "先": 0.030249495763772578,
    "窓": 0.028712234799186696,
    "出る": 0.028712234799186696,
    "話": 0.028712234799186696,
    "ロイロット": 0.027308825492902346,
    "思う": 0.027308825492902346,
    "ところ": 0.027308825492902346,
    "なる": 0.022668792066260716,
    "の": 0.022668792066260716,
    "部屋": 0.021690975585350478,
    "する": 0.019897013728733953,
    "こと": 0.01906970252893475
}