{
    "発": 0.0827337392148108,
    "博士": 0.06388532565886769,
    "聞く": 0.062335018475290396,
    "音": 0.062335018475290396,
    "僕": 0.05883651246569484,
    "結果": 0.055282365727288216,
    "金庫": 0.05086368154284842,
    "通風": 0.04725335368554239,
    "たどり着く": 0.0413668696074054,
    "届く": 0.0413668696074054,
    "疑問": 0.0413668696074054,
    "戻す": 0.0413668696074054,
    "煮る": 0.0413668696074054,
    "詰める": 0.0413668696074054,
    "握る": 0.0413668696074054,
    "生き物": 0.0413668696074054,
    "失せる": 0.0413668696074054,
    "飼い主": 0.0413668696074054,
    "痛めつける": 0.0413668696074054,
    "本性": 0.0413668696074054,
    "むき出しだ": 0.0413668696074054,
    "最初だ": 0.0413668696074054,
    "間接": 0.0413668696074054,
    "責任": 0.0413668696074054,
    "良心": 0.0413668696074054,
    "呵責": 0.0413668696074054,
    "上": 0.03713799479908712,
    "口": 0.03525066450593218,
    "結論": 0.03450402623552476,
    "皿": 0.03450402623552476,
    "残す": 0.03450402623552476,
    "金属": 0.03450402623552476,
    "怪物": 0.03450402623552476,
    "証拠": 0.03450402623552476,
    "行動": 0.03450402623552476,
    "移る": 0.03450402623552476,
    "立てる": 0.03450402623552476,
    "食らう": 0.03450402623552476,
    "逃げる": 0.03450402623552476,
    "とまる": 0.03450402623552476,
    "かみつく": 0.03450402623552476,
    "必要だ": 0.03048952021465184,
    "牛乳": 0.03048952021465184,
    "輪": 0.03048952021465184,
    "大急ぎだ": 0.03048952021465184,
    "相違": 0.03048952021465184,
    "蛇": 0.03048952021465184,
    "反対": 0.03048952021465184,
    "向かう": 0.03048952021465184,
    "杖": 0.03048952021465184,
    "返す": 0.03048952021465184,
    "ない": 0.030475178232330435,
    "結ぶ": 0.027641182863644108,
    "閉める": 0.027641182863644108,
    "考え": 0.027641182863644108,
    "通り": 0.027641182863644108,
    "擦る": 0.027641182863644108,
    "人間": 0.027641182863644108,
    "言える": 0.027641182863644108,
    "感じる": 0.027641182863644108,
    "鞭": 0.02543184077142421,
    "マッチ": 0.02543184077142421,
    "数": 0.02543184077142421,
    "引く": 0.02543184077142421,
    "上がる": 0.023626676842771196,
    "戸": 0.023626676842771196,
    "死": 0.023626676842771196,
    "前": 0.022100432488045864,
    "調べる": 0.020778339491763467,
    "分かる": 0.01961217082189828,
    "入る": 0.01856899739954356,
    "椅子": 0.01856899739954356,
    "ため": 0.01856899739954356,
    "先": 0.01856899739954356,
    "ストーナ": 0.01856899739954356,
    "手": 0.016763833470890548,
    "ところ": 0.016763833470890548,
    "目": 0.016763833470890548,
    "見る": 0.015971331414716922,
    "の": 0.013915496119882817,
    "なる": 0.013915496119882817,
    "ある": 0.013915496119882817,
    "部屋": 0.013315252339522075,
    "一": 0.012214008427539655,
    "こと": 0.011706154027662917
}